HEADWORD;DEFINITION;PART OF SPEECH;SEMANTIC GROUP;FREQUENCY RANK
ὁ ἡ τό;حرف تعریف. در فارسی گاه می‌تواند به «آن» ترجمه شود.;حرف تعریف;ضمیر/ادات پرسش;1
αὐτός αὐτή αὐτό;"خودش، خود آن (برای تاکید)؛ به همراه حرف تعریف: همان؛ در حالت غیرفاعلی: او/آن را، به او/آن";صفت (صرف اول و دوم);ضمیر/ادات پرسش;2
καί;و، هم، نیز;حرف ربط هم‌پایه‌ساز;حرف ربط/ قید;3
δέ;و، ولی، اما;حرف ربط هم‌پایه‌ساز;ادات;4
τίς τί;که؟ چه؟ کدام؟;ضمیر;ضمیر/ادات پرسش;5
εἰμί, ἔσομαι, impf. ἦν, infin. εἶναι;بودن;فعل (بی‌قاعده);انسان و هستی;6
οὗτος αὕτη τοῦτο;این، μετὰ ταῦτα: پس از این/آن;ضمیر;ضمیر/ادات پرسش;7
ἤ;"یا؛ با صفت تفضیلی: از";حرف ربط هم‌پایه‌ساز;حرف ربط/ قید;8
ἐν;در، میان (+برایی);حرف اضافه;جهت;9
μέν...δέ;"گرچه، با اینکه، از طرفی؛ μέν بدون δέ: همانا";حرف ربط هم‌پایه‌ساز;ادات;10
τις τι;" کسی، چیزی؛ هر کس، هر چه (ضمیر نامعین متصل)";ضمیر;ضمیر/ادات پرسش;11
ὅς ἥ ὅ;که، آنکه، آنچه;ضمیر;ضمیر/ادات پرسش;12
γάρ;همانا، چرا که، حقیقتا، زیرا;حرف ربط هم‌پایه‌ساز;حرف ربط/ قید;13
οὐ, οὐκ, οὐχ;ادات نفی (+اخباری);قید;حرف ربط/ قید;14
λέγω, ἐρῶ, εἶπον, εἴρηκα, λέλεγμαι, ἐλέχθην and ἐρρήθην;گفتن، گفتگو کردن، برشمردن، برداشتن;فعل (مختوم به صامت کامی);گفتن و نوشتن;15
ὡς;"از آنجایی که، چنان، چنان‌که، به جهت؛ که، تا (+التزامی و تمنایی)";حرف ربط وابسته‌ساز;حرف ربط/ قید;16
τε;و، هم;حرف ربط هم‌پایه‌ساز;حرف ربط/ قید;17
εἰς;سوی، طرف، به، تا (+رایی);حرف اضافه;جهت;18
ἐπί;بر، روی، برابر، مقابل (+رایی، اضافی و برایی);حرف اضافه;جهت;19
κατά;"پایین، زیر؛ همسو، مطابق، هماهنگ با؛ (κατὰ γῆν: از راه زمین، καθ᾿ἕνα: یک به یک)";حرف اضافه;جهت;20
ἐγώ ἐμοῦ, (pl.) ἡμεῖς, ἡμῶν;مفرد: من، جمع: ما;ضمیر;ضمیر/ادات پرسش;21
πρός;سوی، مقابل (+رایی) از سوی (+اضافی) نزد، حدود، علاوه بر (+برایی);حرف اضافه;جهت;22
γίγνομαι, γενήσομαι, 2 aor. ἐγενόμην, γέγονα, γεγένημαι, ἐγενήθην;شدن، رخ دادن، پدید آمدن، به دنیا آمدن، بودن;فعل (مجهول‌نما);انسان و هستی;23
ἐάν (εἰ-ἄν);اگر (+التزامی);حرف ربط وابسته‌ساز;حرف ربط/ قید;24
διά;طی، حین، به خاطر (+ رایی و اضافی);حرف اضافه;حرف اضافه بدون جهت;25
ἀλλά;اما، بلکه;حرف ربط هم‌پایه‌ساز;حرف ربط/ قید;26
πᾶς πᾶσα πᾶν;همه، تمام;اسم (صرف سوم، بی‌قاعده);سنجش و شمارش;27
ἔχω, ἕξω or σχήσω, 2 aor. ἔσχον, ἔσχηκα, impf. εἶχον;داشتن، نگه‌داشتن;فعل (مختوم به صامت کامی);مبادلات ;28
ἐκ, ἐξ;از (+اضافی);حرف اضافه;جهت;29
πολύς πολλή πολύ;بسیار، بسیاری;اسم (صرف سوم، بی‌قاعده);سنجش و شمارش;30
περί;پیرامون، درباره (+اضافی);حرف اضافه;جهت;31
μή;ادات نفی (+التزامی و شرطی);حرف ربط وابسته‌ساز;حرف ربط/ قید;32
ὅστις ἥτις ὅ τι;آنکه، آنچه، هر آن کس/چیز که;ضمیر;ضمیر/ادات پرسش;33
ἄν;ادات همراه با افعال التزامی و تمنایی، عموما برای نشان دادن شرط، احتمال، التزام یا بند وابسته.;قید;ادات;34
σύ, σοῦ, (pl.) ὑμεῖς, ὑμῶν;مفرد: تو، جمع: شما;ضمیر;ضمیر/ادات پرسش;35
ἀνά;"بالای، روی، رو به بالا؛ طی";حرف اضافه;جهت;36
ὅτι;که، آنگاه، چرا که;حرف ربط وابسته‌ساز;حرف ربط/ قید;37
εἰ;اگر (+اخباری و تمنایی);حرف ربط وابسته‌ساز;حرف ربط/ قید;38
ἄλλος ἄλλη ἄλλο;دیگر، دیگری;صفت (صرف اول و دوم);ضمیر/ادات پرسش;39
ἀπό;از (+اضافی);حرف اضافه;جهت;40
φημί, φήσω, impf. ἔφην;گفتن، اظهار کردن، ادعا کردن، تصدیق کردن. οὐ φημί: مخالفت کردن، تکذیب کردن;فعل (مختوم به μι);گفتن و نوشتن;41
ὑπό;زیر، به زیر، تحت، توسط;حرف اضافه;جهت;42
ποιέω, ποιήσω, ἐποίησα, πεποίηκα, πεποίημαι, ἐποιήθην;"ساختن، پدید آوردن، انجام دادن؛ میانی: فرض کردن، درنظر گرفتن";فعل (ادغام شده);کار و فراغت;43
οὖν;بنابراین، بر همین مبنا، به راستی;قید;ادات;44
λόγος λόγου, ὁ;کلمه، سخن، قانون، نظم، عقل، اندیشه، حساب;اسم (صرف دوم);گفتن و نوشتن;45
παρά;کنار، از کنار، در کنار، در مقابل;حرف اضافه;جهت;46
οὕτως;به نحوی، چنین;قید;حرف ربط/ قید;47
πρότερος προτέρα πρότερον;"پیش، پیش از؛ τὸ πρότερον: پیش از این";صفت (صرف اول و دوم);زمان;48
θεός θεοῦ, ὁ/ἡ;ایزد، ایزدبانو;اسم (صرف دوم);دین;49
μετά;"با، میان (+اضافی)؛ بعد، پس (+رایی)";حرف اضافه;حرف اضافه بدون جهت;50
ἑαυτοῦ ἑαυτῆς ἑαυτοῦ;خودش;ضمیر;ضمیر/ادات پرسش;51
μέγας μεγάλη μέγα;بزرگ، بلند، عظیم، قوی;صفت (صرف اول و دوم);سنجش و شمارش;52
οὐδέ;نه حتی;حرف ربط هم‌پایه‌ساز;حرف ربط/ قید;53
ἐκεῖνος ἐκείνη ἐκεῖνο;آن چیز، آن کس (اشاره به دور، در مقابل  οὗτος) ;ضمیر;ضمیر/ادات پرسش;54
τοιοῦτος τοιαύτη τοιοῦτο;چنان;صفت (صرف اول و دوم);ضمیر/ادات پرسش;55
οὐδείς οὐδεμία οὐδέν;هیچ;ضمیر;ضمیر/ادات پرسش;56
εἶπον;گفتن (فعل گذشته، نگاه کنید به λέγω, φημί);فعل (بی‌قاعده);گفتن و نوشتن;57
ἀγαθός –ή –όν;خوب، نیک، شایسته، نجیب، اصیل;صفت (صرف اول و دوم);اخلاق و ارزش‌ها;58
γε;بی شک، همانا (ادات تاکید متصل);قید;ادات;59
δή;حقیقتا، به راستی;قید;ادات;60
πόλις πόλεως, ἡ;شهر، دولت‌شهر، جامعه;اسم (صرف سوم مختوم به ι);جامعه و حکومت;61
εἷς μία ἕν;یک;صفت (شمارشی);سنجش و شمارش;62
ἵημι, ἥσω, ἧκα, -εἷκα, εἷμαι, -εἵθην;"رها کردن، پرتاب کردن؛ میانی: شتافتن، عجله کردن";فعل (مختوم به μι);کار و فراغت;63
δέω, δεήσω, ἐδέησα, δεδέηκα, δεδέημαι, ἐδεήθην;نیاز داشتن، چیزی را کم داشتن، فاقد چیزی بودن (+اضافی);فعل (ادغام شده);مبادلات ;64
ἄνθρωπος –ου, ὁ/ἡ;انسان;اسم (صرف دوم);انسان و هستی;65
ὁράω, ὄψομαι, 2 aor. εἶδον, ἑόρακα and ἑώρακα, ὤφθην, impf. ἑώρων;دیدن، نگریستن;فعل (ادغام شده);ادراکات و احساسات;66
μόνος μόνη μόνον;تنها، منفرد;صفت (صرف اول و دوم);سنجش و شمارش;67
οὔτε...οὔτε;"نه... و نه...؛ نه این و نه آن";حرف ربط هم‌پایه‌ساز;حرف ربط/ قید;68
οἷος οἵα οἷον;" چه، به نشان تعجب. (مثال: چه آتشی!)؛ οἷός τε +اسم مصدر: می‌توان... ؛ οἷόν τε+ اسم مصدر: ممکن است...";صفت (صرف اول و دوم);ضمیر/ادات پرسش;69
λαμβάνω, λήψομαι, ἔλαβον, εἴληφα, εἴλημμαι, ἐλήφθην;گرفتن، به چنگ آوردن، به دست آوردن، دریافت کردن;فعل (مختوم به صامت روان);مبادلات ;70
δοκέω, δόξω, ἔδοξα;"پنداشتن، انگاشتن، فرض کردن (+رایی و اسم مصدر)؛ δοκεῖ μοι: به نظرم می رسد";فعل (مختوم به صامت کامی);ذهن، دریافت، و یادگیری;71
ἕτερος ἑτέρα ἕτερον;دیگر، آن یکی (از یک جفت);صفت (صرف اول و دوم);ضمیر/ادات پرسش;72
κακός –ή –όν;بد، زشت، ناپسند، شرور;صفت (صرف اول و دوم);خصوصیات;73
ἀνήρ ἀνδρός, ὁ;مرد، شوهر;اسم (صرف سوم، بی‌قاعده);انسان و هستی;74
ἐπεί;از زمانی که، پس از اینکه، هنگامی که;حرف ربط وابسته‌ساز;زمان;75
ὅσος ὅση ὅσον;به هر اندازه، بدین بزرگی/اندازه/شمار، همه‌ی آنچه که، همه‌ی آنانی که;صفت (صرف اول و دوم);ضمیر/ادات پرسش;76
καλέω, καλῶ, ἐκάλεσα, κέκληκα, κέκλημαι, ἐκλήθην;فراخواندن، صدا زدن;فعل (ادغام شده);گفتن و نوشتن;77
σῶμα σώματος, τό;بدن، تن;اسم (صرف سوم مختوم به صامت);اجزا بدن;78
δεῖ, δεήσει, impf. ἔδει;بایستی، لازم است که (+رایی و اسم مصدر);فعل (غیرشخصی);اخلاق و ارزش‌ها;79
ὥσπερ;گویی، درحالی‌که;حرف ربط وابسته‌ساز;حرف ربط/ قید;80
δίδωμι, δώσω, ἔδωκα, δέδωκα, δέδομαι, ἐδόθην;پیشکش کردن، واگذار کردن، دادن;فعل (مختوم به μι);مبادلات ;81
ἔτι;هنوز، همچنان;قید;زمان;82
φύσις φύσεως, ἡ;طبیعت، سرشت;اسم (صرف سوم مختوم به ι);نظم جهانی;83
μικρός –ά –όν;کوچک، کم، کوتاه;صفت (صرف اول و دوم);سنجش و شمارش;84
δύναμαι, δυνήσομαι, ἐδυνήθην, δεδύνημαι;توانستن، قادر بودن (+اسم مصدر);فعل (غیرشخصی);کار و فراغت;85
ὥστε;در نتیجه، تا، تا اینکه;حرف ربط وابسته‌ساز;حرف ربط/ قید;86
ἀρχή ἀρχῆς, ἡ;ابتدا، آغاز، منشاء، اصل، قلمرو، حاکمیت;اسم (صرف اول);زمان;87
ἕκαστος ἑκάστη ἕκαστον;هر یک، هر کدام;ضمیر;ضمیر/ادات پرسش;88
ἡμέρα ἡμέρας, ἡ;روز;اسم (صرف اول);نظم جهانی;89
φύω, φύσω, ἔφυσα;"پدید آوردن، ایجاد کردن؛ در ماضی آئوریست (ἔφυν): رشد کردن؛ در ماضی نقلی (πέφυκα): چیزی را در طبیعت خود داشتن، بنابر سرشت خویش عمل کردن";فعل (مختوم به مصوت);نظم جهانی;90
ἅπας ἅπασα ἅπαν;همه، تمام، کل;اسم (صرف سوم، بی‌قاعده);سنجش و شمارش;91
ὅμοιος ὁμοία ὅμοιον;شبیه، مانند، بسان (+برایی);صفت (صرف اول و دوم);خصوصیات;92
νῦν, νυνί;اکنون;قید;زمان;93
γῆ γῆς, ἡ;زمین;اسم (صرف اول);زمین;94
δύναμις δυνάμεως, ἡ;نیرو، توان، قدرت;اسم (صرف سوم مختوم به ι);جنگ و صلح;95
καλός –ή –όν;زیبا، فاخر;صفت (صرف اول و دوم);خصوصیات;96
κύριος κυρίου, ὁ;سرور، ارباب;اسم (صرف دوم);جامعه و حکومت;97
μᾶλλον;بیش، بیشتر، بیش از،;قید;حرف ربط/ قید;98
ὅδε ἥδε τόδε;این;ضمیر;ضمیر/ادات پرسش;99
ὅλος ὅλη ὅλον;همه، کل، تمام، کامل;صفت (صرف اول و دوم);سنجش و شمارش;100
μέρος μέρους, τό;قسمت، بخش;اسم (صرف سوم مختوم به σ);سنجش و شمارش;101
ἄρα;در نتیجه، بنابراین;قید;ادات;102
ἐμός ἐμή ἐμόν;مال من، ِ من ;صفت (صرف اول و دوم);ضمیر/ادات پرسش;103
χράομαι, χρήσομαι, ἐχρησάμην, κέχρημαι, ἐχρήσθην;استفاده کردن، از سر گذراندن، متحمل شدن، رفتار کردن، تا کردن;فعل (مجهول‌نما);جامعه و حکومت;104
δύο;دو;صفت (شمارشی);سنجش و شمارش;105
χρόνος χρόνου, ὁ;زمان;اسم (صرف دوم);زمان;106
ἴσος ἴση ἴσον;مانند، برابر (+برایی);صفت (صرف اول و دوم);سنجش و شمارش;107
ὅταν (ὅτε-ἄν);هرگاه که، هنگامی که (+التزامی);حرف ربط وابسته‌ساز;حرف ربط/ قید;108
μόνον;تنها، فقط;قید;حرف ربط/ قید;109
οἶδα, infin. εἰδέναι, imper. ἴσθι, plupf. used as impf. ᾔδειν;دانستن، بلد بودن (+اسم مصدر);فعل (بی‌قاعده);ذهن، دریافت، و یادگیری;110
βασιλεύς βασιλέως, ὁ;"شاه؛ بدون حرف تعریف: شاه پارس";اسم (مختوم به έως و εύς);جامعه و حکومت;111
ὦ;"آه؛ ای (+ندایی)";interjection;ادات;112
βούλομαι, βουλήσομαι, βεβούλημαι, ἐβουλήθην;"مایل بودن، راغب بودن، حاضر به انجام کاری بودن؛ ὁ βουλόμενος: آن‌کس که می‌خواهد/مایل است... (+اسم مصدر)";فعل (مجهول‌نما);ادراکات و احساسات;113
φαίνω, φανῶ, ἔφηνα, πέφηνα, πέφασμαι, ἐφάνην;روشن کردن، آشکار کردن. مجهول: روشن شدن، آشکار شدن (+اسم مصدر یا مصدر وصفی);فعل (مختوم به صامت روان);یافتن و نمایاندن;114
γράφω, γράψω, ἔγραψα, γέγραφα, γέγραμμαι, ἐγράφην;نوشتن;فعل (مختوم به صامت لبی);گفتن و نوشتن;115
φέρω, οἴσω, 1 aor. ἤνεγκα, 2 aor. ἤνεγκον, ἐνήνοχα, ἐνήνεγμαι, ἠνέχθην;آوردن، حمل کردن;فعل (بی‌قاعده);کار و فراغت;116
ψυχή ψυχῆς, ἡ;روان، حیات، نفس، روح;اسم (صرف اول);انسان و هستی;117
μηδείς μηδεμία μηδέν;هیچ‌کس، هیچ‌چیز;ضمیر;ضمیر/ادات پرسش;118
αἴτιος αἰτία αἴτιον;مجرم، مقصر، مسئول;صفت (صرف اول و دوم);عدل و داد;119
πάλιν;"دوباره، باز، از نو؛ پیش، عقب";قید;جهت;120
μάλιστα;"بهترین، بیشترین؛ حتما، قطعا";قید;حرف ربط/ قید;121
ὑπάρχω, ὑπάρξω, ὑπῆρξα, ὑπῆργμαι, ὑπήρχθην;"بودن، وجود داشتن، آغاز کردن، پیش قدم شدن؛ τὰ ὑπάρχοντα: شرایط موجود";فعل (مختوم به صامت کامی);انسان و هستی;122
ἄρχω, ἄρξω, ἦρξα, ἦργμαι, ἤρχθην;آغاز کردن، حکم راندن، هدایت کردن، تسلط داشتن بر (+اضافی);فعل (مختوم به صامت کامی);زمان;123
γυνή γυναικός, ἡ;زن;اسم (صرف سوم، بی‌قاعده);انسان و هستی;124
ποτε (enclitic);زمانی، روزی روزگاری;قید;زمان;125
ἵνα;"که؛ آنجا که، جایی که ؛ تا ";حرف ربط وابسته‌ساز;حرف ربط/ قید;126
ὄνομα ὀνόματος, τό;نام، آوازه;اسم (صرف سوم مختوم به صامت);گفتن و نوشتن;127
ὑπέρ;به خاطر، برای (+اضافی) بالای، فراتر از (+رایی);حرف اضافه;حرف اضافه بدون جهت;128
ἤδη;اکنون، الان، همین حالا (برای گذشته و آینده‌ی نزدیک نیز به کار می‌رود);قید;زمان;129
πατήρ πατρός, ὁ;پدر;اسم (صرف سوم، بی‌قاعده);روابط، خانه و خانواده;130
ἀκούω, ἀκούσομαι, ἤκουσα, ἀκήκοα, plup. ἠκηκόη or ἀκηκόη, ἠκούσθην;شنیدن، گوش دادن;فعل (مختوم به مصوت);ادراکات و احساسات;131
γένος γένους, τό;تبار، چهر، نوع ، گونه;اسم (صرف سوم مختوم به σ);روابط، خانه و خانواده;132
τόπος τόπου, ὁ;مکان، موضوع;اسم (صرف دوم);زمین;133
πράσσω, πράξω, ἔπραξα, πέπραχα, πέπραγμαι, ἐπράχθην;کردن، انجام دادن، پدید آوردن;فعل (مختوم به صامت دندانی);کار و فراغت;134
πρῶτος πρώτη πρῶτον;نخست;صفت (صرف اول و دوم);سنجش و شمارش;135
εὑρίσκω, εὑρήσω, 2 aor. ηὗρον or εὗρον, ηὕρηκα or εὕρηκα, εὕρημαι, εὑρέθην;یافتن، کشف کردن، اختراع کردن;فعل (مختوم به صامت کامی);یافتن و نمایاندن;136
παῖς παιδός, ὁ/ἡ;فرزند، غلام، کنیز;اسم (صرف سوم مختوم به صامت);روابط، خانه و خانواده;137
ἔρχομαι, fut. εἶμι or ἐλεύσομαι, 2 aor. ἦλθον, ἐλήλυθα;آمدن، رفتن;فعل (مجهول‌نما);حرکت;138
υἱός υἱοῦ, ὁ;پسر;اسم (صرف دوم);روابط، خانه و خانواده;139
ὕδωρ ὕδατος, τό;آب;اسم (صرف سوم مختوم به صامت);نظم جهانی;140
ἴδιος ἰδία ἴδιον;مخصوص، ویژه متمایز;صفت (صرف اول و دوم);ضمیر/ادات پرسش;141
σός σή σόν;مال تو، ِ تو (مفرد ὑμέτερος);صفت (صرف اول و دوم);ضمیر/ادات پرسش;142
γιγνώσκω, γνώσομαι, ἔγνων, ἔγνωκα, ἔγνωσμαι, ἐγνώσθην;فرا گرفتن، فهمیدن، تمییز دادن (+رایی و اسم مصدر);فعل (مختوم به صامت کامی);ذهن، دریافت، و یادگیری;143
τυγχάνω, τεύξομαι, ἔτυχον, τετύχηκα. τέτυγμαι, ἐτύχθην;"رخ دادن، پیش آمدن؛ نائل شدن، موفق شدن";فعل (مختوم به صامت روان);انسان و هستی;144
ἵστημι στήσω will set, ἔστησα set, caused to stand, 2 aor. ἔστην stood, ἕστηκα stand, plup. εἱστήκη stood, ἐστάθην stood;ایستاندن، قرار دادن، برپا کردن;فعل (مختوم به μι);کار و فراغت;145
ἅμα;هم‌زمان، همراه با (+برایی);قید;زمان;146
ἄγω, ἄξω, ἤγαγον, ἦχα, ἦγμαι, ἤχθην;رهبری کردن، راه نمودن، آوردن، گذراندن;فعل (مختوم به صامت کامی);حرکت;147
τρόπος τρόπου, ὁ;شیوه، طریق، طرز، خوی;اسم (صرف دوم);خصوصیات;148
μήτε...μήτε;"و نه؛ نه... و نه...؛ نه این و نه آن";حرف ربط هم‌پایه‌ساز;حرف ربط/ قید;149
μέσος μέση μέσον;"میان، میانه، معتدل؛ τὸ μέσον: وسط";صفت (صرف اول و دوم);سنجش و شمارش;150
ἀλλήλων –οις;(با) یکدیگر، متقابلا;ضمیر;ضمیر/ادات پرسش;151
ἀεί;همواره، همیشه;قید;زمان;152
φίλος φίλη φίλον; عزیز، دوست، مهربان;صفت (صرف اول و دوم);روابط، خانه و خانواده;153
, συμβήσομαι, 2 aor. συνέβην, συμβέβηκα;توافق کردن، مطابقت کردن، روی دادن;فعل (مختوم به صامت روان);روابط، خانه و خانواده;154
ἔργον ἔργου, τό;کار، عمل، کردار;اسم (صرف دوم);کار و فراغت;155
πλέω, πλεύσομαι, ἔπλευσα, πέπλευκα, πέπλευσμαι, ἐπλεύσθην;کشتی رانی کردن، دریا نوردیدن، ;فعل (ادغام شده);جامعه و حکومت;156
τότε;"آنگاه، آن زمان، سپس؛οἱ τότε: مردم آن روزگار، متضاد οἱ νῦν: مردم روزگار ما";قید;زمان;157
μήν;(ادات تاکید);قید;ادات;158
χρή, impf. χρῆν or ἐχρῆν, infin. χρῆναι;لازم است، بایستی... (+اسم مصدر و رایی);فعل (غیرشخصی);اخلاق و ارزش‌ها;159
δείκνυμι, δείξω, ἔδειξα, δέδειχα, δέδειγμαι, ἐδείχθην;نشان دادن، نمایاندن;فعل (مختوم به μι);یافتن و نمایاندن;160
ζῷον ζῴου, τό;جاندار، حیوان;اسم (صرف دوم);گیاهان و جانداران;161
πρᾶγμα πράγματος, τό;اشیا، امور، شرایط;اسم (صرف سوم مختوم به صامت);کار و فراغت;162
ἐναντίος ἐναντία ἐναντίον;متضاد، مقابل;حرف اضافه;جهت;163
τίθημι, θήσω, ἔθηκα, τέθηκα, τέθειμαι (but usu. κεῖμαι instead), ἐτέθην;گذاشتن، قرار دادن، برقرار کردن;فعل (مختوم به μι);کار و فراغت;164
εἶδον, 2 aor. of ὁράω, act. infin. ἰδεῖν, mid.infin. ἰδέσθαι;دیدم;فعل (بی‌قاعده);ادراکات و احساسات;165
χείρ χειρός, ἡ;دست;اسم (صرف سوم مختوم به صامت);اجزا بدن;166
μηδέ;و نه، نه حتی;حرف ربط هم‌پایه‌ساز;حرف ربط/ قید;167
ὀλίγος ὀλίγη ὀλίγον;کم، کوچک، اندک;صفت (صرف اول و دوم);سنجش و شمارش;168
νόμος νόμου, ὁ;رسم، سنت، قاعده;اسم (صرف دوم);عدل و داد;169
κοινός –ή –όν;متداول، مرسوم، مشترک;صفت (صرف اول و دوم);جامعه و حکومت;170
οἴομαι or οἶμαι, οἰήσομαι, impf. ᾤμην, aor. ᾠήθην;پنداشتن، انگاشتن، اندیشیدن;فعل (مجهول‌نما);ذهن، دریافت، و یادگیری;171
κινέω, κινήσω, ἐκίνησα, κεκίνηκα, κεκίνημαι, ἐκινήθην;جنباندن، حرکت دادن، به هم زدن;فعل (ادغام شده);حرکت;172
πάσχω, πείσομαι, ἔπαθον, πέπονθα;از سر گذراندن، تحمل کردن، تجربه کردن، آزار دیدن;فعل (مختوم به صامت کامی);مرگ و زندگی;173
πῶς;چگونه؟;قید;ضمیر/ادات پرسش;174
ὅσπερ ἥπερ ὅπερ;همان کس/چیز که;ضمیر;ضمیر/ادات پرسش;175
τοσοῦτος –αύτη –οῦτο(ν);آن‌قدر، چنان (نمونه از حافظ: سلیمان با چنان حشمت نظرها بود با مورش );صفت (صرف اول و دوم);سنجش و شمارش;176
σύν;با (+برایی);حرف اضافه;حرف اضافه بدون جهت;177
εἶτα;سپس;قید;حرف ربط/ قید;178
ἀληθής –ές;صادق، راستین;صفت (مختوم به ης و ες);اخلاق و ارزش‌ها;179
δίκαιος δικαία δίκαιον;مساوی، برابر، منصفانه;صفت (صرف اول و دوم);عدل و داد;180
μέλλω, μελλήσω, ἐμέλλησα;بر آن شدن، قصد کردن (+اسم مصدر);فعل (مختوم به صامت روان);ادراکات و احساسات;181
ἐθέλω, ἐθελήσω, ἠθέλησα, ἠθέληκα;خواستن، آرزو داشتن (+اسم مصدر);فعل (مختوم به صامت روان);ادراکات و احساسات;182
λοιπός –ή –όν;باقی، مانده;صفت (صرف اول و دوم);سنجش و شمارش;183
ἀνάγκη ἀνάγκης, ἡ;الزام، اجبار;اسم (صرف اول);نظم جهانی;184
ὅτε;وقتی، زمانی که;حرف ربط وابسته‌ساز;زمان;185
δεύτερος –α –ον;دوم;صفت (شمارشی);سنجش و شمارش;186
πόλεμος πολέμου ὁ;جنگ ;اسم (صرف دوم);جنگ و صلح;187
χώρα χώρας, ἡ;سرزمین، دیار، کشور;اسم (صرف اول);زمین;188
ζάω, ζήσω, ἔζησα, ἔζηκα;زندگی کردن، زنده بودن;فعل (ادغام شده);مرگ و زندگی;189
πλῆθος πλήθους, τό;کثرت، بزرگی، جمعیت;اسم (صرف سوم مختوم به σ);جامعه و حکومت;190
ἥλιος ἡλίου, ὁ;خورشید;اسم (صرف دوم);نظم جهانی;191
αἰτία αἰτίας, ἡ;تقصیر، سبب، اتهام;اسم (صرف اول);عدل و داد;192
πείθω, πείσω, ἔπεισα, πέποιθα, πέπεισμαι, ἐπείσθην;تشویق کردن، غلبه کردن. مجهول و میانی: مغلوب شدن، پیروی کردن، باور داشتن (+برایی);فعل (مختوم به صامت دندانی);گفتن و نوشتن;193
πάρειμι;آماده بودن، حضور داشتن، حاضر بودن τὰ παρόντα: در حال حاضر;فعل (بی‌قاعده);انسان و هستی;194
πλεῖστος πλείστη πλεῖστον;بیشترین، زیادترین، بزرگترین (صفت عالی πολύς);صفت (صرف اول و دوم);سنجش و شمارش;195
εἶδος εἴδους, τό;صورت، شکل، دسته، گونه;اسم (صرف سوم مختوم به σ);سنجش و شمارش;196
ὅπως;چنان، تا اینکه، به نحوی که (+التزامی یا تمنایی);حرف ربط وابسته‌ساز;حرف ربط/ قید;197
τρεῖς τρία;سه;صفت (شمارشی);سنجش و شمارش;198
βίος βίου, ὁ;زندگی;اسم (صرف دوم);مرگ و زندگی;199
νομίζω, νομιῶ, ἐνόμισα, νενόμικα, νενόμισμαι, ἐνομίσθην;اندیشیدن، باور داشتن، مرسوم بودن، عادت داشتن (+ اسم مصدر);فعل (مختوم به صامت دندانی);ذهن، دریافت، و یادگیری;200
κύκλος κύκλου, ὁ;دایره، قرص، گردی، حلقه، چرخش;اسم (صرف دوم);سنجش و شمارش;201
πάθος πάθους, τό;حادثه، مصیبت، شور، اشتیاق، وضعیت;اسم (صرف سوم مختوم به σ);ادراکات و احساسات;202
πρό;پیش، قبل، مقابل (+اضافی);حرف اضافه;زمان;203
μέντοι;هر چند، با این حال;قید;ادات;204
ὀνομάζω, ὀνομάσω, ὠνόμασα, ὠνόμακα, ὠνόμασμαι, ὠνομάσθην;نامیدن، نام بردن;فعل (مختوم به صامت دندانی);گفتن و نوشتن;204
ἀρετή ἀρετῆς, ἡ;تعالی، برتری، دلاوری، رادی;اسم (صرف اول);اخلاق و ارزش‌ها;206
ὑμέτερος ὑμετέρα ὑμέτερον;مال شما، ِ شما (جمع σός);صفت (صرف اول و دوم);ضمیر/ادات پرسش;206
ἔτος ἔτους, τό;سال;اسم (صرف سوم مختوم به σ);زمان;208
ἀντί;ضد، غیر، در مقابل;حرف اضافه;جهت;209
ναῦς νεώς, ἡ;ناو، کشتی;اسم (صرف سوم، بی‌قاعده);کار و فراغت;210
τρίτος –η –ον;سوم;صفت (شمارشی);سنجش و شمارش;211
πνεῦμα πνεύματος, τό;باد، نفس، روح;اسم (صرف سوم مختوم به صامت);زمین;212
ὀρθός –ή –όν;راست، درست، صاف;صفت (صرف اول و دوم);سنجش و شمارش;213
θάλασσα θαλάσσης, ἡ;دریا;اسم (صرف اول);زمین;214
διαφέρω, διοίσω, 1 aor. διήνεγκα, 2 aor. διήνεγκον, διενήνοχα, διενήνεγμαι;تفاوت داشتن، ناهمگون بودن، گستردن;فعل (مختوم به صامت روان);کار و فراغت;215
μέχρι (+gen.);تا، تا آنجا که، تا زمانی که (+اضافی);حرف ربط وابسته‌ساز;زمان;216
δόξα δόξης, ἡ;پندار، گمان، خوشنامی;اسم (صرف اول);اخلاق و ارزش‌ها;217
κεφαλή –ῆς, ἡ;سر;اسم (صرف اول);اجزا بدن;218
πῦρ πυρός, τό;آتش;اسم (صرف سوم مختوم به صامت);نظم جهانی;219
ἐλάσσων ἔλασσον;کوچک‌تر، کمتر، پست‌تر (صفت تفضیلی μικρός);صفت (صرف سوم مختوم به ων و ον);سنجش و شمارش;220
πούς ποδός, ὁ;پا;اسم (صرف سوم مختوم به صامت);اجزا بدن;221
ἱερός –ά –όν;مقدس، فرازمینی;صفت (صرف اول و دوم);دین;222
εὐθύς εὐθεῖα εὐθύ;مستقیما، یک راست، قید: فورا;صفت (مختوم به ύς، ύ و εῖα);سنجش و شمارش;223
εἶμι, infin. ἰέναι, ptc. ἰών, ἰοῦσα, ἰόν;خواهم رفت (آینده‌ی فعل ἔρχομαι);فعل (مختوم به μι);حرکت;224
ταχύς ταχεῖα ταχύ;سریع، تند;صفت (مختوم به ύς، ύ و εῖα);خصوصیات;225
ποταμός –οῦ, ὁ;رود;اسم (صرف دوم);زمین;226
οὐσία οὐσίας, ἡ;ذات، جوهر، اساس;اسم (صرف اول);روابط، خانه و خانواده;227
ἀριθμός –οῦ, ὁ;شمار;اسم (صرف دوم);سنجش و شمارش;228
ὕστερος ὑστέρα ὕστερον;آخری، پسین، بعد از (+اضافی);صفت (صرف اول و دوم);جهت;229
φυλάσσω, φυλάξω, ἐφύλαξα, πεφύλαχα, πεφύλαγμαι, ἐφυλάχθην;نگهبانی کردن ، دفاع کردن. وجه میانی: از کسی در مقابل چیزی دفاع کردن (+رایی);فعل (مختوم به صامت کامی);جنگ و صلح;230
καιρός καιροῦ, ὁ;فرصت;اسم (صرف دوم);زمان;231
οἰκέω, οἰκήσω, ᾤκησα, ᾤκηκα, ᾠκήθην;ساکن شدن، مستقر شدن;فعل (ادغام شده);روابط، خانه و خانواده;232
ἀμφότερος ἀμφοτέρα ἀμφότερον;هر دو;صفت (صرف اول و دوم);سنجش و شمارش;233
σημεῖον σημείου, τό;نشانه، علامت;اسم (صرف دوم);یافتن و نمایاندن;234
παρέχω, παρέξω, παρέσχον, παρέσχηκα, impf. παρεῖχον;تامین کردن، تدارک دیدن، اعطا کردن;فعل (مختوم به صامت کامی);مبادلات ;235
ἑκάτερος ἑκατέρα ἑκάτερον;یکی از آن/ این دو ( متضاد ἀμφότερος);ضمیر;ضمیر/ادات پرسش;236
δηλόω, δηλώσω, ἐδήλωσα, δεδήλωκα, ἐδηλώθην;آشکار ساختن، نمایان کردن، شرح دادن;فعل (ادغام شده);یافتن و نمایاندن;237
οἰκεῖος οἰκεία οἰκεῖον;خانگی، خودی، سازگار;صفت (صرف اول و دوم);روابط، خانه و خانواده;238
κελεύω, κελεύσω, ἐκέλευσα, κεκέλευκα, κεκέλευσμαι, ἐκελεύσθην;امر کردن، فرمان دادن (+رایی و اسم مصدر);فعل (مختوم به مصوت);عدل و داد;239
τέλος τέλους, τό;پایان، برآمد، دستاورد;اسم (صرف سوم مختوم به σ);مرگ و زندگی;240
ἡγέομαι, ἡγήσομαι, ἡγησάμην, ἥγημαι;رهبری کردن، صلاح دانستن، باور داشتن;فعل (مجهول‌نما);ذهن، دریافت، و یادگیری;241
ἄξιος ἀξία ἄξιον;شایسته، سزاوار;صفت (صرف اول و دوم);اخلاق و ارزش‌ها;242
ἦ;به راستی، واقعا (قید تاکید);قید;ادات;243
δῆλος δήλη δῆλον;آشکار، مشهود;صفت (صرف اول و دوم);یافتن و نمایاندن;244
τοίνυν (τοί-νυν);"بنابراین، در نتیجه؛ علاوه بر این";قید;ادات;245
πολέμιος πολεμία πολέμιον;دشمن;صفت (صرف اول و دوم);جنگ و صلح;246
ἔρομαι, ἐρήσομαι, 2 aor. ἠρόμην;سراغ گرفتن، جویا شدن (+رایی);فعل (مجهول‌نما);گفتن و نوشتن;247
ἀδελφός –οῦ, ὁ;برادر;اسم (صرف دوم);روابط، خانه و خانواده;248
μέγεθος μεγέθους, τό;بزرگی، عظمت، اندازه;اسم (صرف سوم مختوم به σ);سنجش و شمارش;249
εἴτε…εἴτε;یا... یا...، یا این و یا آن;حرف ربط هم‌پایه‌ساز;حرف ربط/ قید;250
κεῖμαι, κείσομαι;آرمیدن، قرار گرفتن، جای گرفتن، گماشته شدن;فعل (مجهول‌نما);کار و فراغت;251
πολλάκις;اغلب;قید;زمان;252
πίνω, πίομαι, 2 aor. ἔπιον, πέπωκα, -πέπομαι, -επόθην;نوشیدن;فعل (مختوم به صامت روان);ادراکات و احساسات;253
χάρις χάριτος, ἡ;شکوه، جلال، لطف، سرافرازی;اسم (صرف سوم مختوم به صامت);اخلاق و ارزش‌ها;254
ἔπειτα;پس، سپس;قید;زمان;255
ζητέω, ζητήσω, ἐζήτησα, ἐζήτηκα;جستجو کردن، جویا شدن;فعل (ادغام شده);یافتن و نمایاندن;256
σχῆμα σχήματος, τό;صورت، شکل، ظاهر، نقش;اسم (صرف سوم مختوم به صامت);سنجش و شمارش;257
τροφή τροφῆς, ἡ;خوراک، پرورش;اسم (صرف اول);مرگ و زندگی;258
μανθάνω, μαθήσομαι, ἔμαθον, μεμάθηκα;آموختن، یاد گرفتن، فهمیدن، عادت داشتن;فعل (مختوم به صامت روان);ذهن، دریافت، و یادگیری;259
ἐνταῦθα;اینجا، در این هنگام;قید;جهت;260
φεύγω, φεύξομαι, ἔφυγον, πέφευγα;گریختن، رانده‌ شدن;فعل (مختوم به صامت کامی);حرکت;261
ἵππος ἵππου, ὁ;اسب;اسم (صرف دوم);گیاهان و جانداران;262
κόσμος κόσμου, ὁ;نظم، آرایش، آذین، کیهان، گیتی;اسم (صرف دوم);نظم جهانی;263
αἷμα αἵματος, τό;خون;اسم (صرف سوم مختوم به صامت);اجزا بدن;264
αἱρέω, αἱρήσω, 2 aor. εἷλον, ᾕρηκα, ᾕρημαι, ᾑρέθην;"گرفتن، به چنگ آوردن؛ میانی: گزیدن";فعل (ادغام شده);مبادلات ;265
προστίθημι, προσθήσω, προσέθηκα, προστέθηκα, προστέθειμαι (but commonly προσκεῖμαι instead), προσετέθην;افزودن، واگذاردن . میانی: پیوستن;فعل (مختوم به μι);مبادلات ;266
ἀξιόω, ἀξιώσω, ἠξίωσα, ἠξίωκα, ἠξίωμαι, ἠξιώθην;لایق دانستن، طلب کردن;فعل (ادغام شده);اخلاق و ارزش‌ها;267
ἕως;تا;حرف ربط وابسته‌ساز;زمان;268
νέος νέα νέον;نو، جوان;صفت (صرف اول و دوم);خصوصیات;269
ἔοικα, ptc. εἰκώς;به نظر رسیدن، شبیه بودن (+برایی)، درخور بودن;فعل (بی‌قاعده);خصوصیات;270
κἄν (καὶ-ἄν);مگر;حرف ربط وابسته‌ساز;حرف ربط/ قید;271
καθίστημι, καταστήσω, κατέστησα, κατέστην, καθέστηκα, plupf. καθειστήκη, κατεστάθην;برپا کردن، برقرار کردن;فعل (مختوم به μι);کار و فراغت;272
τέχνη τέχνης, ἡ;مهارت، حیله، نیرنگ، فن;اسم (صرف اول);جامعه و حکومت;273
χρῆμα χρήματος, τό;چیز، امر، پول، مال و منال;اسم (صرف سوم مختوم به صامت);جامعه و حکومت;274
σῴζω, σώσω, ἔσωσα, σέσωκα, ἐσώθην;نجات دادن، حفظ کردن;فعل (مختوم به صامت دندانی);امنیت و سلامت;275
πέμπω, πέμψω, ἔπεμψα, πέπομφα, πέπεμμαι, ἐπέμφθην;فرستادن;فعل (مختوم به صامت لبی);حرکت;276
φωνή φωνῆς, ἡ;صدا، آوا;اسم (صرف اول);ادراکات و احساسات;277
ἕνεκα;به خاطر;حرف اضافه;حرف اضافه بدون جهت;278
ἀπόλλυμι, ἀπολῶ, ἀπώλεσα, 2 aor. mid. ἀπωλόμην, pf. ἀπολώλεκα (“I have utterly destroyed”) or ἀπόλωλα (“I am undone”);کشتن ، نابود کردن (میانی) تلف شدن، مردن;فعل (مختوم به μι);مرگ و زندگی;279
θάνατος θανάτου, ὁ;مرگ;اسم (صرف دوم);مرگ و زندگی;280
νύξ νυκτός, ἡ;شب;اسم (صرف سوم مختوم به صامت);نظم جهانی;281
ὁδός ὁδοῦ, ἡ;راه، روش;اسم (صرف دوم);جامعه و حکومت;282
ἔθνος ἔθνους, τό;قوم;اسم (صرف سوم مختوم به σ);جامعه و حکومت;283
ἀποδίδωμι, ἀποδώσω, ἀπέδωκα, ἀποδέδωκα, ἀποδέδομαι, ἀπεδόθην;"برگرداندن، تحویل دادن، اجازه دادن؛ میانی: فروختن";فعل (مختوم به μι);مبادلات ;284
νοῦς (νόος), νοῦ (νόου), ὁ;ذهن، ادراک;اسم (صرف دوم);ذهن، دریافت، و یادگیری;285
μένω, μενῶ, ἔμεινα, μεμένηκα;ماندن، دوام آوردن;فعل (مختوم به صامت روان);حرکت;286
ἀποθνῄσκω, ἀποθανοῦμαι, 2 aor. ἀπέθανον, ἀποτέθνηκα;مردن;فعل (مختوم به صامت کامی);مرگ و زندگی;287
πάνυ;یکسره، کاملا;قید;حرف ربط/ قید;288
εὖ;به نیکی، به خوبی، به درستی;قید;حرف ربط/ قید;289
κρίνω, κρινῶ, ἔκρινα, κέκρικα, κέκριμαι, ἐκρίθην;تمییز دادن،  تعیین کردن، تصمیم گرفتن، حکم دادن;فعل (مختوم به صامت روان);عدل و داد;290
ἀναιρέω, ἀναιρήσω, ἀνεῖλον, ἀνῄρηκα, ἀνῄρημαι, ἀνῃρέθην;برداشتن، بالا بردن، نابود کردن;فعل (ادغام شده);جنگ و صلح;291
μακρός –ά –όν;بلند، طولانی، بزرگ;صفت (صرف اول و دوم);سنجش و شمارش;292
ἥκω, ἥξω, pf. ἧκα;حضور داشتن، رسیدن;فعل (مختوم به صامت کامی);حرکت;293
ἡδονή –ῆς, ἡ;لذت، خوشی;اسم (صرف اول);کار و فراغت;294
μήτηρ μητρός, ἡ;مادر;اسم (صرف سوم، بی‌قاعده);روابط، خانه و خانواده;295
δεινός –ή –όν;شگفت، مهیب، زیرک، هوشمند;صفت (صرف اول و دوم);خصوصیات;296
διαφορά –ᾶς, ἡ;تفاوت، اختلاف;اسم (صرف اول);عدل و داد;297
κρατέω, κρατήσω, ἐκράτησα, κεκράτηκα, κεκράτημαι, ἐκρατήθην;فرمان‌روایی کردن، قدرت به دست گرفتن، برتر بودن (+اضافی);فعل (ادغام شده);جامعه و حکومت;298
δῆμος δήμου, ὁ;عوام، مردم;اسم (صرف دوم);انسان و هستی;299
οὐρανός –οῦ, ὁ;عرش، آسمان;اسم (صرف دوم);نظم جهانی;300
ἕπομαι ἕψομαι, 2 aor. ἑσπόμην;پیروی کردن، دنبال کردن;فعل (مجهول‌نما);حرکت;301
ἥσσων ἧσσον;کمتر، ضعیف‌تر، پست‌تر;صفت (صرف سوم مختوم به ων و ον);خصوصیات;302
ὄρος ὄρους, τό;کوه، تپه;اسم (صرف سوم مختوم به σ);زمین;303
πλήν;به جز، غیر از;حرف اضافه;حرف اضافه بدون جهت;304
τέτταρες τέτταρα;چهار;صفت (شمارشی);سنجش و شمارش;305
δυνατός –ή –όν;توانا، نیرومند;صفت (صرف اول و دوم);خصوصیات;306
οἶκος οἴκου, ὁ;مسکن، خانه، سرا;اسم (صرف دوم);روابط، خانه و خانواده;307
ἄριστος ἀρίστη ἄριστον;بهترین، نیکوترین;صفت (صرف اول و دوم);اخلاق و ارزش‌ها;308
ῥᾴδιος ῥᾳδία ῥᾴδιον;آسان، سهل;صفت (صرف اول و دوم);خصوصیات;309
ἀφαιρέω, ἀφαιρήσω, ἀφεῖλον, ἀφῄρηκα, ἀφῄρημαι, ἀφῃρέθην;جدا کردن;فعل (ادغام شده);مبادلات ;310
τύχη τύχης, ἡ; بخت، اقبال، طالع;اسم (صرف اول);مرگ و زندگی;311
φανερός –ά –όν;واضح، نمایان، مشهود;صفت (صرف اول و دوم);ادراکات و احساسات;312
πρόσωπον προσώπου, τό;رخ، سیما، نقاب، شخص;اسم (صرف دوم);اجزا بدن;313
πιστεύω, πιστεύσω, ἐπίστευσα, πεπίστευκα, πεπίστευμαι, ἐπιστεύθην;اعتماد کردن، باور داشتن (+برایی);فعل (مختوم به مصوت);ادراکات و احساسات;314
διδάσκω, διδάξω, ἐδίδαξα, δεδίδαχα, δεδίδαγμαι, ἐδιδάχθην;آموختن;فعل (مختوم به صامت کامی);ذهن، دریافت، و یادگیری;315
ἄνω;بالا، بالادست، رو به بالا;قید;جهت;316
τάσσω, τάξω, ἔταξα, τέταχα, τέταγμαι, ἐτάχθην;در صف آوردن، سازمان دادن، آراستن;فعل (مختوم به صامت کامی);جامعه و حکومت;317
ὀφθαλμός –οῦ, ὁ;چشم;اسم (صرف دوم);اجزا بدن;318
δέχομαι, δέξομαι, ἐδεξάμην, δέδεγμαι, -εδέχθην;گرفتن، پذیرفتن، دریافت کردن;فعل (مجهول‌نما);روابط، خانه و خانواده;319
ἀφικνέομαι, ἀφίξομαι, 2 aor. ἀφικόμην, ἀφῖγμαι;آمدن، رسیدن;فعل (مجهول‌نما);حرکت;320
ἱκανός –ή –όν;بسنده، کافی، قابل;صفت (صرف اول و دوم);امنیت و سلامت;321
ἐργάζομαι, ἐργάσομαι, εἰργασάμην, εἴργασμαι;کار کردن، زحمت کشیدن، کوشیدن;فعل (مجهول‌نما);کار و فراغت;322
μάχη μάχης, ἡ;نبرد، رزم;اسم (صرف اول);جنگ و صلح;323
τρέφω, θρέψω, ἔθρεψα, τέθραμμαι, ἐτράφην;پروراندن، رشد دادن، نگهداری کردن، تربیت کردن;فعل (مختوم به صامت لبی);مرگ و زندگی;324
ἀδύνατος –ον;ناتوان، ناممکن;صفت (صرف اول و دوم);جامعه و حکومت;325
ἀκριβής –ές;دقیق;صفت (مختوم به ης و ες);سنجش و شمارش;326
που;"کجا؟؛ آنجا، جایی؛ شاید ";قید;ادات;327
ὅθεν;آنجا که، از جایی که، از آنجا، از آن رو;قید;جهت;328
στόμα στόματος, τό;دهان، دهانه، رو;اسم (صرف سوم مختوم به صامت);اجزا بدن;329
χωρίς;جداگانه، بدون، مستقل از;قید;جهت;330
κρείσσων κρεῖσσον;نیرومندتر، قوی‌تر، برتر، بهتر;صفت (صرف سوم مختوم به ων و ον);خصوصیات;331
βραχύς βραχεῖα βραχύ;کوتاه، کوچک;صفت (مختوم به ύς، ύ و εῖα);خصوصیات;332
ἰσχυρός –ά –όν;نیرومند، قدرتمند;صفت (صرف اول و دوم);خصوصیات;333
ἀλήθεια ἀληθείας, ἡ;حقیقت;اسم (صرف اول);اخلاق و ارزش‌ها;334
δίκη δίκης, ἡ;عدل، داد، داوری، محاکمه، مجازات;اسم (صرف اول);عدل و داد;335
χωρίον χωρίου, τό;محل، جا، مکان;اسم (صرف دوم);زمین;336
ἡδύς ἡδεῖα ἡδύ;شیرین، مطبوع، دلپذیر;صفت (مختوم به ύς، ύ و εῖα);خصوصیات;337
νόσος νόσου, ὁ;بیماری، ناخوشی;اسم (صرف دوم);مرگ و زندگی;338
λίθος λίθου, ὁ;سنگ;اسم (صرف دوم);زمین;339
παλαιός –ά –όν;کهن، دیرینه;صفت (صرف اول و دوم);خصوصیات;340
ἀφίημι, ἀφήσω, ἀφῆκα, ἀφεῖκα, ἀφεῖμαι, ἀφείθην;رها کردن، آزاد ساختن، دست برداشتن;فعل (مختوم به μι);مبادلات ;341
ἄλλως;وگرنه;قید;ضمیر/ادات پرسش;342
πρᾶξις πράξεως, ἡ;معامله، داد و ستد، عمل، کنش;اسم (صرف سوم مختوم به ι);کار و فراغت;343
σαφής σαφές;واضح، روشن، ساده;صفت (مختوم به ης و ες);یافتن و نمایاندن;344
σοφός –ή –όν;خردمند، هوشمند، کاردان;صفت (صرف اول و دوم);خصوصیات;345
νικάω, νικήσω, ἐνίκησα, νενίκηκα, νενίκημαι, ἐνικήθην;پیروز شدن، مغلوب کردن;فعل (ادغام شده);جنگ و صلح;346
ὁμολογέω, ὁμολογήσω, ὡμολόγησα, ὡμολόγηκα, ὡμολόγημαι, ὡμολογήθην;موافق بودن،  هم رای بودن (+برایی);فعل (ادغام شده);عدل و داد;347
ναός (νεώς) ναοῦ (νεώ), ὁ;معبد، پرستشگاه;اسم (صرف دوم);دین;348
αὖ, αὖθις;باز، دوباره;قید;ادات;349
πατρίς πατρίδος, ἡ;میهن، وطن;اسم (صرف سوم مختوم به صامت);جامعه و حکومت;350
ὀξύς ὀξεῖα ὀξύ;تند، تیز، زیر (برای صدا);صفت (مختوم به ύς، ύ و εῖα);خصوصیات;351
καίτοι (καί-τοι);به راستی، با این حال;قید;ادات;352
πλέον;اغلب، عموما;قید;سنجش و شمارش;353
πλέων πλέον;بیشتر، بزرگتر، فراوان‌تر;صفت (صرف سوم مختوم به ων و ον);سنجش و شمارش;354
γνώμη γνώμης, ἡ;اندیشه، پندار، فهم، نیت، غرض;اسم (صرف اول);ذهن، دریافت، و یادگیری;355
τιμή τιμῆς, ἡ;شکوه، افتخار، ارج، ارزش، مقام;اسم (صرف اول);اخلاق و ارزش‌ها;356
μεταξύ;میان، بین;قید;جهت;357
προσήκω προσήξω;"ربط داشتن، تعلق داشتن، درخور بودن؛ οἱ προσήκοντες: خویشاوندان τὰ προσήκoντα: وظایف";فعل (مختوم به صامت کامی);اخلاق و ارزش‌ها;358
πρίν;پیش، قبل;حرف ربط وابسته‌ساز;زمان;359
ἀδικέω, ἀδικήσω, ἠδίκησα, ἠδίκηκα, ἠδίκημαι, ἠδικήθην;اشتباه کردن، آسیب زدن;فعل (ادغام شده);اخلاق و ارزش‌ها;360
στρατηγός –οῦ, ὁ;فرمانده، سرلشکر;اسم (صرف دوم);جنگ و صلح;361
οὐκέτι;دیگر نه;قید;زمان;362
πρέσβυς πρέσβεως, ὁ;پیرمرد، سفرا (در حالت جمع);اسم (مختوم به έως و εύς);جامعه و حکومت;363
παύω, παύσω, ἔπαυσα, πέπαυκα, πέπαυμαι, ἐπαύθην;متوقف کردن، پایان دادن;فعل (مختوم به مصوت);حرکت;364
τελευτάω, τελευτήσω, ἐτελεύτησα, τετελεύτηκα, τετελεύτημαι, ἐτελευτήθην;به پایان رسانیدن، مردن، به سرانجام رسانیدن;فعل (ادغام شده);مرگ و زندگی;365
μίγνυμι, μείξω, ἔμειξα, μέμειγμαι, ἐμείχθην;آمیختن;فعل (مختوم به μι);کار و فراغت;366
λαός λαοῦ, ὁ;مردم;اسم (صرف دوم);انسان و هستی;367
θυγάτηρ θυγατρός, ἡ;دختر;اسم (صرف سوم، بی‌قاعده);روابط، خانه و خانواده;368
οἰκία οἰκίας, ἡ;خانه، ساختمان;اسم (صرف اول);روابط، خانه و خانواده;369
παραδίδωμι, παραδώσω, παρέδωκα, παραδέδωκα, παραδέδομαι, παρεδόθην;واگذاردن، تسلیم کردن، تسلیم شدن;فعل (مختوم به μι);مبادلات ;370
ἔξω;بیرون، بیرون از ، غیر از;قید;جهت;371
νῆσος νήσου, ἡ;جزیره;اسم (صرف دوم);زمین;372
ἐκεῖ;آنجا;قید;جهت;373
ἐπιστήμη –ης, ἡ; فهم، مهارت، دانش;اسم (صرف اول);ذهن، دریافت، و یادگیری;374
ἐάω, ἐάσω, εἴασα;اجازه دادن، گذاشتن، رها کردن (+رایی و اسم مصدر);فعل (ادغام شده);عدل و داد;375
θαυμάζω, θαυμάσομαι, ἐθαύμασα, τεθαύμακα, τεθαύμασμαι, ἐθαυμάσθην;حیرت کردن، شگفت‌زده شدن;فعل (مختوم به صامت دندانی);ادراکات و احساسات;376
αἰσθάνομαι, αἰσθήσομαι, 2 aor. ᾐσθόμην, ᾔσθημαι;فهمیدن، ، درک کردن، گوش دادن;فعل (مجهول‌نما);ذهن، دریافت، و یادگیری;377
χαίρω, χαιρήσω, κεχάρηκα, κεχάρημαι, ἐχάρην;خوش بودن، از چیزی لذت بردن (+برایی یا مصدر وصفی);فعل (مختوم به صامت روان);ادراکات و احساسات;378
χαλεπός –ή –όν;سخت، دشوار;صفت (صرف اول و دوم);خصوصیات;379
τέκνον τέκνου, τό;کودک، بچه;اسم (صرف دوم);روابط، خانه و خانواده;380
καταλαμβάνω, καταλήψομαι, κατέλαβον, κατείληφα, κατείλημμαι, κατελήφθην;به دست آوردن، مصادره کردن، به چنگ آوردن، غلبه کردن، وا داشتن;فعل (مختوم به صامت روان);جنگ و صلح;381
μάχομαι, μαχοῦμαι, ἐμαχεσάμην, μεμάχημαι;جنگیدن، جدل کردن;فعل (مجهول‌نما);جنگ و صلح;382
μιμνήσκω, -μνήσω, -έμνησα, pf. μέμνημαι, ἐμνήσθην; به یاد آوردن، یاد آوری کردن;فعل (مختوم به صامت کامی);ذهن، دریافت، و یادگیری;383
λύω, λύσω, ἔλυσα, λέλυκα, λέλυμαι, ἐλύθην;رهاندن، باز کردن، آزاد کردن، نابود کردن;فعل (مختوم به مصوت);جنگ و صلح;384
θνῄσκω, 2 aor. -έθανον, τέθνηκα, θανοῦμαι;مردن;فعل (مختوم به صامت کامی);مرگ و زندگی;384
τιμάω, τιμήσω, ἐτίμησα, τετίμηκα, τετίμημαι, ἐτιμήθην;گرامی داشتن;فعل (ادغام شده);اخلاق و ارزش‌ها;386
τεῖχος τείχους, τό;دیوار;اسم (صرف سوم مختوم به σ);جامعه و حکومت;387
ἴσως;به یک اندازه، به مساوات، شاید;قید;حرف ربط/ قید;388
αἴρω, ἀρῶ, ἦρα, ἦρκα, ἦρμαι, ἤρθην;بالا رفتن، بالا بردن، برداشتن;فعل (مختوم به صامت کامی);حرکت;389
ἀποκτείνω, ἀποκτενῶ, ἀπέκτεινα, ἀπέκτονα;کشتن;فعل (مختوم به صامت روان);جنگ و صلح;390
στρατιώτης –ου, ὁ;سرباز;اسم (صرف دوم);جنگ و صلح;391
ἄνευ;بدون (+اضافی);حرف اضافه;حرف اضافه بدون جهت;392
πότερος ποτέρα πότερον;کدام یک (از این دو)؟;صفت (صرف اول و دوم);ضمیر/ادات پرسش;393
ἁπλῶς;به تنهایی، به سادگی، در یک صورت;قید;سنجش و شمارش;394
πίπτω, πεσοῦμαι, ἔπεσον, πέπτωκα; افتادن، فرو افتادن;فعل (مختوم به صامت دندانی);جنگ و صلح;395
τέταρτος –η –ον;چهارم;صفت (شمارشی);سنجش و شمارش;396
κατασκευάζω, κατασκευάσω, κατεσκεύασα;آماده ساختن، تجهیز کردن;فعل (مختوم به صامت دندانی);کار و فراغت;397
ἐχθρός –ά –όν;منفور، دشمن;صفت (صرف اول و دوم);خصوصیات;398
ἀγών ἀγῶνος, ὁ;مسابقه، مبارزه، همایش;اسم (صرف سوم مختوم به صامت);جامعه و حکومت;399
κωλύω, κωλύσω, ἐκώλυσα, κεκώλυκα, κεκώλυμαι, ἐκωλύθην;بازداشتن، مانع شدن;فعل (مختوم به مصوت);جنگ و صلح;400
ἁμαρτάνω, ἁμαρτήσομαι, ἡμάρτησα, 2 aor. ἥμαρτον, ἡμάρτηκα, ἡμάρτημαι, ἡμαρτήθην;خطا زدن، اشتباه کردن;فعل (مختوم به صامت روان);اخلاق و ارزش‌ها;401
διαφθείρω, διαφθερῶ, διέφθειρα, διέφθαρκα, διέφθαρμαι, διεφθάρην;خراب کردن، نابود کردن، فاسد کردن;فعل (مختوم به صامت روان);جنگ و صلح;402
πως;به نحوی، به طرز;قید;ادات;403
πόνος πόνου, ὁ;زحمت، کوشش، رنج;اسم (صرف دوم);کار و فراغت;404
ἔνθα;آنجا;قید;جهت;405
τάξις τάξεως, ἡ; ترتیب، نظم، آرایش نظامی، ارتش;اسم (صرف سوم مختوم به ι);جنگ و صلح;406
πειράω (usually mid. πειράομαι), πειράσομαι, ἐπείρασα, πεπείραμαι, ἐπειράθην; تلاش کردن، کوشیدن، آزمودن (+اضافی);فعل (ادغام شده);کار و فراغت;407
φοβέω, φοβήσω, ἐφόβησα, πεφόβημαι, ἐφοβήθην; ترساندن، گریزاندن (میانی و مجهول: گریختن، هراسیدن);فعل (ادغام شده);ادراکات و احساسات;408
βάλλω, βαλῶ, 2 aor. ἔβαλον, βέβληκα, βέβλημαι, ἐβλήθην; انداختن، زدن (با چیزی)، پرتاب کردن;فعل (مختوم به صامت روان);حرکت;409
πονηρός –ά –όν;بی ارزش، پر زحمت، بد، پلید;صفت (صرف اول و دوم);خصوصیات;410
ξένος ξένου, ὁ;غریبه، مهمان;اسم (صرف دوم);جامعه و حکومت;411
βάρβαρος –ον;بربر، غیر یونانی، بیگانه;صفت (صرف اول و دوم);جامعه و حکومت;412
ὅπου;هر جا ، جایی;حرف ربط وابسته‌ساز;حرف ربط/ قید;413
συμφέρω, συνοίσω, 1 aor. συνήνεγκα;سود داشتن، مفید بودن (+برایی) συμφέρει: مصلحت است که  τὸ συμφέρον: سود، منفعت ;فعل (بی‌قاعده);امنیت و سلامت;414
πυνθάνομαι, πεύσομαι, 2 aor. ἐπυθόμην, πέπυσμαι; فراگرفتن، شنیدن، نیوشیدن، جویا شدن;فعل (مجهول‌نما);ذهن، دریافت، و یادگیری;415
δοῦλος δούλου, ὁ;برده;اسم (صرف دوم);جامعه و حکومت;416
τέμνω, τεμῶ, 2 aor. ἔτεμον, -τέτμηκα, τέτμημαι, ἐτμήθην;بریدن، تکه کردن، خرد کردن;فعل (مختوم به صامت روان);جنگ و صلح;417
χρήσιμος χρησίμη χρήσιμον;سودمند، مفید;صفت (صرف اول و دوم);خصوصیات;418
ποῖος ποία ποῖον;چه، که;صفت (صرف اول و دوم);ضمیر/ادات پرسش;419
ὅπλον ὅπλου, τό;سلاح، ابزار، اسباب;اسم (صرف دوم);جنگ و صلح;420
πίστις πίστεως, ἡ;اعتماد، راستکاری، یقین;اسم (صرف سوم مختوم به ι);ادراکات و احساسات;421
ὑπολαμβάνω, ὑπολήψομαι, ὑπέλαβον, ὑπείληφα, ὑπείλημμαι, ὑπελήφθην;تصاحب کردن، فهمیدن، انگاشتن، پاسخ دادن;فعل (مختوم به صامت روان);ذهن، دریافت، و یادگیری;422
ποιητής –οῦ, ὁ;خالق، آفریدگار، سازنده، شاعر;اسم (صرف دوم);گفتن و نوشتن;423
λανθάνω, λήσω, ἔλαθον, λέληθα;از دید دور ماندن، ؟میانی و مجهول: فراموش کردن;فعل (مختوم به صامت روان);جامعه و حکومت;424
βελτίων βέλτιον;بهتر;صفت (صرف سوم مختوم به ων و ον);اخلاق و ارزش‌ها;425
πάντως;به هر صورت، در هر حال;قید;حرف ربط/ قید;426
πορεύω, πορεύσω, ἐπόρευσα, πεπόρευμαι, ἐπορεύθην;رساندن، بردن. میانی و مجهول: رفتن، برده شدن;فعل (مختوم به مصوت);کار و فراغت;427
ἀποκρίνω, ἀποκρινῶ, ἀπεκρινάμην, ἀπεκρίθη;برگزیدن، جدا کردن. میانی: پاسخ دادن;فعل (مختوم به صامت روان);گفتن و نوشتن;428
πέντε;پنج;صفت (شمارشی);سنجش و شمارش;429
κίνδυνος κινδύνου, ὁ;خطر، مخاطره;اسم (صرف دوم);جنگ و صلح;430
κατηγορέω, κατηγορήσω, κατηγόρησα, κατηγόρηκα, κατηγόρημαι, κατηγορήθην;متهم کردن، نکوهیدن (+اضافی);فعل (ادغام شده);عدل و داد;431
τρέπω, τρέψω, ἔτρεψα, τέτροφα, ἐτράπην;چرخیدن، گردیدن، گرداندن، گریزاندن;فعل (مختوم به صامت لبی);حرکت;432
ὅμως;به هر حال، با وجود، علیرغم;قید;حرف ربط/ قید;433
θεῖος θεία θεῖον; الهی، ایزدی;صفت (صرف اول و دوم);دین;434
ἱππεύς ἱππέως, ὁ; سواره‌نظام، اسب‌سوار، سوار;اسم (مختوم به έως و εύς);جنگ و صلح;435
κτάομαι, κτήσομαι, ἐκτησάμην, κέκτημαι;به دست آوردن، گرفتن;فعل (مجهول‌نما);مبادلات ;436
λείπω, λείψω, ἔλιπον, λέλοιπα, λέλειμμαι, ἐλείφθην;واگذاشتن، رها کردن، ترک کردن;فعل (مختوم به صامت لبی);حرکت;437
βουλή βουλῆς, ἡ;عزم، اراده، مشورت، رایزنی;اسم (صرف اول);جامعه و حکومت;438
ἐλπίς ἐλπίδος, ἡ;امید، چشم‌داشت;اسم (صرف سوم مختوم به صامت);ادراکات و احساسات;439
γραφή γραφῆς, ἡ;طرح، نقش، نوشته;اسم (صرف اول);گفتن و نوشتن;440
τίκτω, τέξω or τέξομαι, ἔτεκον, τέτοκα, τέτεγμαι, ἐτέχθην;پدید آوردن، به دنیا آوردن، ایجاد کردن، فرزند آوردن;فعل (مختوم به صامت دندانی);روابط، خانه و خانواده;441
κομίζω, κομιῶ, ἐκόμισα, κεκόμικα, κεκόμισμαι, ἐκομίσθην;نگه‌داری کردن، پاسداری کردن، بردن;فعل (مختوم به صامت دندانی);امنیت و سلامت;442
θυμός θυμοῦ, ὁ;روان، جان، دل;اسم (صرف دوم);دین;443
βλέπω, βλέψομαι, ἔβλεψα;دیدن، نگریستن;فعل (مختوم به صامت لبی);ادراکات و احساسات;444
φόβος φόβου, ὁ;وحشت، ترس، گریز;اسم (صرف دوم);ادراکات و احساسات;445
πολιτεία –ας, ἡ;جمهوری، شهروندی، اساس‌نامه، قانون اساسی;اسم (صرف اول);جامعه و حکومت;446
στάδιον σταδίου, τό (pl. στάδια and στάδιοι);واحد اندازه‌گیری طول، حدودا معادل ۱۸۵ متر;اسم (صرف دوم);سنجش و شمارش;447
φρονέω, φρονήσω, ἐφρόνησα;اندیشیدن، پنداشتن،;فعل (ادغام شده);ذهن، دریافت، و یادگیری;448
τοιόσδε τοιάδε τοιόνδε;چنان;صفت (صرف اول و دوم);ضمیر/ادات پرسش;449
ὁρμάω, ὁρμήσω, ὥρμησα, ὥρμηκα, ὥρμημαι, ὡρμήθην;به حرکت وا داشتن;فعل (ادغام شده);حرکت;450
παρασκευάζω, παρασκευάσω, παρεσκεύασα;آماده کردن، مهیا ساختن;فعل (مختوم به صامت دندانی);کار و فراغت;451
λαλέω, λαλήσω, ἐλάλησα, λελάληκα, ἐλαλήθην;حرف زدن، پرگویی کردن;فعل (ادغام شده);گفتن و نوشتن;452
δράω, δράσω, ἔδρασα, δέδρακα, δέδραμαι, ἐδράσθην;انجام دادن;فعل (ادغام شده);کار و فراغت;453
σκοπέω, σκοπήσω, ἐσκόπησα;بررسی کردن، در نظر گرفتن;فعل (ادغام شده);ادراکات و احساسات;454
βοῦς βοός, ὁ/ἡ;گاو;اسم (صرف سوم، بی‌قاعده);گیاهان و جانداران;455
ἡμέτερος ἡμετέρα ἡμέτρον;مال ما، َ ما;صفت (صرف اول و دوم);ضمیر/ادات پرسش;456
γράμμα γράμματος, τό;نقش، نویسه (الفبا، متن);اسم (صرف سوم مختوم به صامت);گفتن و نوشتن;457
ἐρωτάω, ἐρήσομαι, 2 aor. ἠρόμην;جویا شدن، پرسیدن;فعل (ادغام شده);گفتن و نوشتن;458
πολεμέω, πολεμήσω, ἐπολέμησα, πεπολέμηκα;جنگیدن;فعل (ادغام شده);جنگ و صلح;459
θύω, θύσω, ἔθυσα, τέθυκα, τέθυμαι, ἐτύθην;قربانی‌ کردن;فعل (مختوم به مصوت);دین;460
ἐλαύνω, ἐλῶ, ἤλασα, -ελήλακα, ἐλήλαμαι, ἠλάθην;راندن، راه‌بردن;فعل (مختوم به صامت روان);حرکت;461
δέδοικα, δείσομαι, ἔδεισα;هراسیدن;فعل (مختوم به صامت دندانی);ادراکات و احساسات;462
σύμμαχος –ον;هم‌نبرد، هم‌پیمان;صفت (صرف اول و دوم);جنگ و صلح;463
ἡγεμών ἡγεμόνος, ὁ;رهبر، فرمانده;اسم (صرف سوم مختوم به صامت);جامعه و حکومت;464
βαρύς βαρεῖα βαρύ;سنگین، سخت، مشکل;صفت (مختوم به ύς، ύ و εῖα);خصوصیات;465
ὧδε;چنین;قید;جهت;466
αἰσχρός –ά –όν;زشت، شرم‌آور، ننگین;صفت (صرف اول و دوم);خصوصیات;467
εἰρήνη εἰρήνης, ἡ;صلح;اسم (صرف اول);جنگ و صلح;468
ἁλίσκομαι, ἁλώσομαι, 2 aor. ἑάλων, ἑάλωκα;فتح‌شده، تسخیر شده;فعل (مجهول‌نما);جنگ و صلح;469
δέκα;ده;صفت (شمارشی);سنجش و شمارش;470
ἀμείνων ἄμεινον;بهتر، تواناتر، شجاع‌تر;صفت (صرف سوم مختوم به ων و ον);اخلاق و ارزش‌ها;471
χείρων χεῖρον;بدتر، پست تر (تفضیلی);صفت (صرف سوم مختوم به ων و ον);اخلاق و ارزش‌ها;472
βοηθέω, βοηθήσω, ἐβοήθησα, βεβοήθηκα;یاری دادن (+برایی);فعل (ادغام شده);امنیت و سلامت;473
λαμπρός –ά –όν;درخشان;صفت (صرف اول و دوم);خصوصیات;474
ἀπαλλάσσω, ἀπαλλάξω, ἀπήλλαξα, ἀπήλλαχα, ἀπήλλαγμαι, ἀπηλλάχθην or ἀπηλλάγην;رها کردن (از چیزی)، زدودن;فعل (مختوم به صامت دندانی);امنیت و سلامت;475
βουλεύω βουλεύσω, ἐβούλευσα, βεβούλευκα, βεβούλευμαι, ἐβουλεύθην;"طرح ریختن، بر آن شدن؛ میانی: مشورت کردن، تامل کردن";فعل (مختوم به مصوت);جنگ و صلح;476
μάλα;بسیار;قید;حرف ربط/ قید;477
αἰτέω, αἰτήσω, ᾔτησα, ᾔτηκα, ᾔτημαι, ᾐτήθην;درخواست کردن، خواهش کردن;فعل (ادغام شده);گفتن و نوشتن;478
σωτηρία σωτηρίας, ἡ;امنیت، نگهداری;اسم (صرف اول);امنیت و سلامت;479
ἆρα;آیا;قید;ادات;480
διώκω, διώξομαι, ἐδίωξα, δεδίωχα, ἐδιώχθην;دنبال کردن، تعقیب کردن;فعل (مختوم به صامت کامی);حرکت;481
δαίμων δαίμονος, ὁ/ἡ;نیروی ایزدی، روح، ایزد(بانو)، بخت;اسم (صرف سوم مختوم به صامت);دین;482
οὐκοῦν;بی شک ;قید;ادات;483
γλῶσσα γλώσσης, ἡ;زبان;اسم (صرف اول);اجزا بدن;484
ἑπτά;هفت;صفت (شمارشی);سنجش و شمارش;485
τολμάω, τολμήσω, ἐτόλμησα, τετόλμηκα, τετόλμημαι, ἐτολμήθην;تاب آوردن، جرات کردن;فعل (ادغام شده);ادراکات و احساسات;486
δεσπότης –ου, ὁ;ارباب;اسم (صرف اول);جامعه و حکومت;487
εἰκός εἰκότος, τό;احتمال، محتمل;اسم (صرف سوم مختوم به صامت);ذهن، دریافت، و یادگیری;488
ἄδικος ἄδικον;ناعادلانه;صفت (صرف اول و دوم);اخلاق و ارزش‌ها;489
εἴκοσι(ν);بیست;صفت (شمارشی);سنجش و شمارش;490
μυρίος μυρία μυρίον;بی‌اندازه، بی‌شمار، ده‌هزار;صفت (صرف اول و دوم);سنجش و شمارش;491
αὐτίκα;اکنون;قید;زمان;492
δέκατος –η –ον;دهم;صفت (شمارشی);سنجش و شمارش;493
βαίνω, βήσομαι, 2 aor. ἔβην, βέβηκα;قدم‌ برداشتن، رفتن، آمدن;فعل (مختوم به صامت روان);حرکت;494
περ;ادات تاکید متصل;قید;ادات;495
ἐλεύθερος ἐλευθέρα ἐλεύθερον;آزاد، رها;صفت (صرف اول و دوم);جامعه و حکومت;496
στρατιά –ᾶς, ἡ;لشکر، پیاده‌نظام;اسم (صرف اول);جنگ و صلح;497
ἀμφί;اطراف، پیرامون، برای;حرف اضافه;جهت;498
συμφορά –ᾶς, ἡ;پیش‌آمد، رویداد، بداقبالی;اسم (صرف اول);مرگ و زندگی;499
ἑκατόν;صد;صفت (شمارشی);سنجش و شمارش;500
νίκη νίκης, ἡ;پیروزی، چیرگی;اسم (صرف اول);جنگ و صلح;501
ἔπος ἔπους, τό;واژه، حکایت، نظم (کلام موزون);اسم (صرف سوم مختوم به σ);گفتن و نوشتن;502
στρατός –οῦ, ὁ;لشکر;اسم (صرف دوم);جنگ و صلح;503
φράζω, φράσω, ἔφρασα, πέφρακα, πέφρασμαι, ἐφράσθην;نمایاندن، آشکار ساختن. در حالت میانی و مجهول: تامل کردن;فعل (مختوم به صامت دندانی);گفتن و نوشتن;504
ἀργύριον ἀργυρίου, τό;پول، سکه;اسم (صرف دوم);جامعه و حکومت;505
τριάκοντα;سی;صفت (شمارشی);سنجش و شمارش;506
ἕξ;شش;صفت (شمارشی);سنجش و شمارش;507
πεμπτός –ή –όν;پنجم;صفت (شمارشی);سنجش و شمارش;508
μάρτυς μάρτυρος, ὁ/ἡ;شاهد;اسم (صرف سوم مختوم به صامت);عدل و داد;509
χαλκοῦς –ῆ –οῦν;مسی، برنزی;صفت (صرف اول و دوم);زمین;510
ἕβδομος –η –ον;هفتم;صفت (شمارشی);سنجش و شمارش;511
ποῦ;"کجا؟؛ (به ندرت) چگونه؟";ضمیر;ضمیر/ادات پرسش;512
ναί;همانا;قید;ادات;513
φῶς φωτός, τό;نور;اسم (صرف سوم مختوم به صامت);نظم جهانی;514
ὀκτώ;هشت;صفت (شمارشی);سنجش و شمارش;515
ἕκτος –η –ον;ششم;صفت (شمارشی);سنجش و شمارش;516
τριακοστός –ή –όν;سی‌ام;صفت (شمارشی);سنجش و شمارش;517
ἐννέα;نه;صفت (شمارشی);سنجش و شمارش;518
πότε;کِی؟، زمانی که...;قید;زمان;519
ὄγδοος –η –ον;هشتم;صفت (شمارشی);سنجش و شمارش;520
ἔνατος –α –ον;نهم;صفت (شمارشی);سنجش و شمارش;521
εἰκοστός –ή –όν;بیستم;صفت (شمارشی);سنجش و شمارش;522
ἀγγέλλω, ἀγγελῶ, ἤγγειλα, ἤγγελκα, ἤγγελμαι, ἠγγέλθην;پیام آوردن;فعل (مختوم به صامت روان);گفتن و نوشتن;523
ἑκατοστός –ή –όν;صدم;صفت (شمارشی);سنجش و شمارش;524