HEADWORD	FREQUENCY RANK	PART OF SPEECH	SEMANTIC GROUP	DEFINITION
ὁ ἡ τό	1	حرف تعریف	ضمیر/ادات پرسش	حرف تعریف. در فارسی گاه می‌تواند به «آن» ترجمه شود.
αὐτός αὐτή αὐτό	2	صفت (صرف اول و دوم)	ضمیر/ادات پرسش	خودش، خود آن (برای تاکید)؛ به همراه حرف تعریف: همان؛ در حالت غیرفاعلی: او/آن را، به او/آن
καί	3	حرف ربط هم‌پایه‌ساز	حرف ربط/ قید	و، هم، نیز
δέ	4	حرف ربط هم‌پایه‌ساز	ادات	و، ولی، اما
τίς τί	5	ضمیر	ضمیر/ادات پرسش	که؟ چه؟ کدام؟
εἰμί, ἔσομαι, impf. ἦν, infin. εἶναι	6	فعل (بی‌قاعده)	انسان و هستی	بودن
οὗτος αὕτη τοῦτο	7	ضمیر	ضمیر/ادات پرسش	این، μετὰ ταῦτα: پس از این/آن
ἤ	8	حرف ربط هم‌پایه‌ساز	حرف ربط/ قید	یا؛ با صفت تفضیلی: از
ἐν	9	حرف اضافه	جهت	در، میان (+برایی)
μέν...δέ	10	حرف ربط هم‌پایه‌ساز	ادات	گرچه، با اینکه، از طرفی؛ μέν بدون δέ: همانا
τις τι	11	ضمیر	ضمیر/ادات پرسش	 کسی، چیزی؛ هر کس، هر چه (ضمیر نامعین متصل)
ὅς ἥ ὅ	12	ضمیر	ضمیر/ادات پرسش	که، آنکه، آنچه
γάρ	13	حرف ربط هم‌پایه‌ساز	حرف ربط/ قید	همانا، چرا که، حقیقتا، زیرا
οὐ, οὐκ, οὐχ	14	قید	حرف ربط/ قید	ادات نفی (+اخباری)
λέγω, ἐρῶ, εἶπον, εἴρηκα, λέλεγμαι, ἐλέχθην and ἐρρήθην	15	فعل (مختوم به صامت کامی)	گفتن و نوشتن	گفتن، گفتگو کردن، برشمردن، برداشتن
ὡς	16	حرف ربط وابسته‌ساز	حرف ربط/ قید	از آنجایی که، چنان، چنان‌که، به جهت؛ که، تا (+التزامی و تمنایی)
τε	17	حرف ربط هم‌پایه‌ساز	حرف ربط/ قید	و، هم
εἰς	18	حرف اضافه	جهت	سوی، طرف، به، تا (+رایی)
ἐπί	19	حرف اضافه	جهت	بر، روی، برابر، مقابل (+رایی، اضافی و برایی)
κατά	20	حرف اضافه	جهت	پایین، زیر؛ همسو، مطابق، هماهنگ با؛ (κατὰ γῆν: از راه زمین، καθ᾿ἕνα: یک به یک)
ἐγώ ἐμοῦ, (pl.) ἡμεῖς, ἡμῶν	21	ضمیر	ضمیر/ادات پرسش	مفرد: من، جمع: ما
πρός	22	حرف اضافه	جهت	سوی، مقابل (+رایی) از سوی (+اضافی) نزد، حدود، علاوه بر (+برایی)
γίγνομαι, γενήσομαι, 2 aor. ἐγενόμην, γέγονα, γεγένημαι, ἐγενήθην	23	فعل (مجهول‌نما)	انسان و هستی	شدن، رخ دادن، پدید آمدن، به دنیا آمدن، بودن
ἐάν (εἰ-ἄν)	24	حرف ربط وابسته‌ساز	حرف ربط/ قید	اگر (+التزامی)
διά	25	حرف اضافه	حرف اضافه بدون جهت	طی، حین، به خاطر (+ رایی و اضافی)
ἀλλά	26	حرف ربط هم‌پایه‌ساز	حرف ربط/ قید	اما، بلکه
πᾶς πᾶσα πᾶν	27	اسم (صرف سوم، بی‌قاعده)	سنجش و شمارش	همه، تمام
ἔχω, ἕξω or σχήσω, 2 aor. ἔσχον, ἔσχηκα, impf. εἶχον	28	فعل (مختوم به صامت کامی)	مبادلات 	داشتن، نگه‌داشتن
ἐκ, ἐξ	29	حرف اضافه	جهت	از (+اضافی)
πολύς πολλή πολύ	30	اسم (صرف سوم، بی‌قاعده)	سنجش و شمارش	بسیار، بسیاری
περί	31	حرف اضافه	جهت	پیرامون، درباره (+اضافی)
μή	32	حرف ربط وابسته‌ساز	حرف ربط/ قید	ادات نفی (+التزامی و شرطی)
ὅστις ἥτις ὅ τι	33	ضمیر	ضمیر/ادات پرسش	آنکه، آنچه، هر آن کس/چیز که
ἄν	34	قید	ادات	ادات همراه با افعال التزامی و تمنایی، عموما برای نشان دادن شرط، احتمال، التزام یا بند وابسته.
σύ, σοῦ, (pl.) ὑμεῖς, ὑμῶν	35	ضمیر	ضمیر/ادات پرسش	مفرد: تو، جمع: شما
ἀνά	36	حرف اضافه	جهت	بالای، روی، رو به بالا؛ طی
ὅτι	37	حرف ربط وابسته‌ساز	حرف ربط/ قید	که، آنگاه، چرا که
εἰ	38	حرف ربط وابسته‌ساز	حرف ربط/ قید	اگر (+اخباری و تمنایی)
ἄλλος ἄλλη ἄλλο	39	صفت (صرف اول و دوم)	ضمیر/ادات پرسش	دیگر، دیگری
ἀπό	40	حرف اضافه	جهت	از (+اضافی)
φημί, φήσω, impf. ἔφην	41	فعل (مختوم به μι)	گفتن و نوشتن	گفتن، اظهار کردن، ادعا کردن، تصدیق کردن. οὐ φημί: مخالفت کردن، تکذیب کردن
ὑπό	42	حرف اضافه	جهت	زیر، به زیر، تحت، توسط
ποιέω, ποιήσω, ἐποίησα, πεποίηκα, πεποίημαι, ἐποιήθην	43	فعل (ادغام شده)	کار و فراغت	ساختن، پدید آوردن، انجام دادن؛ میانی: فرض کردن، درنظر گرفتن
οὖν	44	قید	ادات	بنابراین، بر همین مبنا
λόγος λόγου, ὁ	45	اسم (صرف دوم)	گفتن و نوشتن	کلمه، سخن، قانون، نظم، عقل، اندیشه، حساب
παρά	46	حرف اضافه	جهت	کنار، از کنار، در کنار، در مقابل
οὕτως	47	قید	حرف ربط/ قید	به نحوی، چنین
πρότερος προτέρα πρότερον	48	صفت (صرف اول و دوم)	زمان	پیش، پیش از؛ τὸ πρότερον: پیش از این
θεός θεοῦ, ὁ/ἡ	49	اسم (صرف دوم)	دین	ایزد، ایزدبانو
μετά	50	حرف اضافه	حرف اضافه بدون جهت	با، میان (+اضافی)؛ بعد، پس (+رایی)
ἑαυτοῦ ἑαυτῆς ἑαυτοῦ	51	ضمیر	ضمیر/ادات پرسش	خودش
μέγας μεγάλη μέγα	52	صفت (صرف اول و دوم)	سنجش و شمارش	بزرگ، بلند، عظیم، قوی
οὐδέ	53	حرف ربط هم‌پایه‌ساز	حرف ربط/ قید	نه حتی
ἐκεῖνος ἐκείνη ἐκεῖνο	54	ضمیر	ضمیر/ادات پرسش	آن چیز، آن کس (اشاره به دور، در مقابل  οὗτος) 
τοιοῦτος τοιαύτη τοιοῦτο	55	صفت (صرف اول و دوم)	ضمیر/ادات پرسش	چنان
οὐδείς οὐδεμία οὐδέν	56	ضمیر	ضمیر/ادات پرسش	هیچ
εἶπον	57	فعل (بی‌قاعده)	گفتن و نوشتن	گفتن (فعل گذشته، نگاه کنید به λέγω, φημί)
ἀγαθός –ή –όν	58	صفت (صرف اول و دوم)	اخلاق و ارزش‌ها	خوب، نیک، شایسته، نجیب، اصیل
γε	59	قید	ادات	بی شک، همانا (ادات تاکید متصل)
δή	60	قید	ادات	حقیقتا، به راستی
πόλις πόλεως, ἡ	61	اسم (صرف سوم مختوم به ι)	جامعه و حکومت	شهر، دولت‌شهر، جامعه
εἷς μία ἕν	62	صفت (شمارشی)	سنجش و شمارش	یک
ἵημι, ἥσω, ἧκα, -εἷκα, εἷμαι, -εἵθην	63	فعل (مختوم به μι)	کار و فراغت	رها کردن، پرتاب کردن؛ میانی: شتافتن، عجله کردن
δέω, δεήσω, ἐδέησα, δεδέηκα, δεδέημαι, ἐδεήθην	64	فعل (ادغام شده)	مبادلات 	نیاز داشتن، چیزی را کم داشتن، فاقد چیزی بودن (+اضافی)
ἄνθρωπος –ου, ὁ/ἡ	65	اسم (صرف دوم)	انسان و هستی	انسان
ὁράω, ὄψομαι, 2 aor. εἶδον, ἑόρακα and ἑώρακα, ὤφθην, impf. ἑώρων	66	فعل (ادغام شده)	ادراکات و احساسات	دیدن، نگریستن
μόνος μόνη μόνον	67	صفت (صرف اول و دوم)	سنجش و شمارش	تنها، منفرد
οὔτε...οὔτε	68	حرف ربط هم‌پایه‌ساز	حرف ربط/ قید	نه... و نه...؛ نه این و نه آن
οἷος οἵα οἷον	69	صفت (صرف اول و دوم)	ضمیر/ادات پرسش	 چه، به نشان تعجب. (مثال: چه آتشی!)؛ οἷός τε +اسم مصدر: می‌توان... ؛ οἷόν τε+ اسم مصدر: ممکن است...
λαμβάνω, λήψομαι, ἔλαβον, εἴληφα, εἴλημμαι, ἐλήφθην	70	فعل (مختوم به صامت روان)	مبادلات 	گرفتن، به چنگ آوردن، به دست آوردن، دریافت کردن
δοκέω, δόξω, ἔδοξα	71	فعل (مختوم به صامت کامی)	ذهن، دریافت، و یادگیری	پنداشتن، انگاشتن، فرض کردن (+رایی و اسم مصدر)؛ δοκεῖ μοι: به نظرم می رسد
ἕτερος ἑτέρα ἕτερον	72	صفت (صرف اول و دوم)	ضمیر/ادات پرسش	دیگر، آن یکی (از یک جفت)
κακός –ή –όν	73	صفت (صرف اول و دوم)	خصوصیات	بد، زشت، ناپسند، شرور
ἀνήρ ἀνδρός, ὁ	74	اسم (صرف سوم، بی‌قاعده)	انسان و هستی	مرد، شوهر
ἐπεί	75	حرف ربط وابسته‌ساز	زمان	از زمانی که، پس از اینکه، هنگامی که
ὅσος ὅση ὅσον	76	صفت (صرف اول و دوم)	ضمیر/ادات پرسش	به هر اندازه، بدین بزرگی/اندازه/شمار، همه‌ی آنچه که، همه‌ی آنانی که
καλέω, καλῶ, ἐκάλεσα, κέκληκα, κέκλημαι, ἐκλήθην	77	فعل (ادغام شده)	گفتن و نوشتن	فراخواندن، صدا زدن
σῶμα σώματος, τό	78	اسم (صرف سوم مختوم به صامت)	اجزا بدن	بدن، تن
δεῖ, δεήσει, impf. ἔδει	79	فعل (غیرشخصی)	اخلاق و ارزش‌ها	بایستی، لازم است که (+رایی و اسم مصدر)
ὥσπερ	80	حرف ربط وابسته‌ساز	حرف ربط/ قید	گویی، تا
δίδωμι, δώσω, ἔδωκα, δέδωκα, δέδομαι, ἐδόθην	81	فعل (مختوم به μι)	مبادلات 	پیشکش کردن، واگذار کردن، دادن
ἔτι	82	قید	زمان	هنوز، همچنان
φύσις φύσεως, ἡ	83	اسم (صرف سوم مختوم به ι)	نظم جهانی	طبیعت، سرشت
μικρός –ά –όν	84	صفت (صرف اول و دوم)	سنجش و شمارش	کوچک، کم، کوتاه
δύναμαι, δυνήσομαι, ἐδυνήθην, δεδύνημαι	85	فعل (غیرشخصی)	کار و فراغت	توانستن، قادر بودن (+اسم مصدر)
ὥστε	86	حرف ربط وابسته‌ساز	حرف ربط/ قید	در نتیجه، تا، تا اینکه
ἀρχή ἀρχῆς, ἡ	87	اسم (صرف اول)	زمان	ابتدا، آغاز، منشاء، اصل، قلمرو، حاکمیت
ἕκαστος ἑκάστη ἕκαστον	88	ضمیر	ضمیر/ادات پرسش	هر یک، هر کدام
ἡμέρα ἡμέρας, ἡ	89	اسم (صرف اول)	نظم جهانی	روز
φύω, φύσω, ἔφυσα	90	فعل (مختوم به مصوت)	نظم جهانی	پدید آوردن، ایجاد کردن؛ در ماضی آئوریست (ἔφυν): رشد کردن؛ در ماضی نقلی (πέφυκα): چیزی را در طبیعت خود داشتن، بنابر سرشت خویش عمل کردن
ἅπας ἅπασα ἅπαν	91	اسم (صرف سوم، بی‌قاعده)	سنجش و شمارش	همه، تمام، کل
ὅμοιος ὁμοία ὅμοιον	92	صفت (صرف اول و دوم)	خصوصیات	شبیه، مانند، بسان (+برایی)
νῦν, νυνί	93	قید	زمان	اکنون
γῆ γῆς, ἡ	94	اسم (صرف اول)	زمین	زمین
δύναμις δυνάμεως, ἡ	95	اسم (صرف سوم مختوم به ι)	جنگ و صلح	نیرو، توان، قدرت
καλός –ή –όν	96	صفت (صرف اول و دوم)	خصوصیات	زیبا، فاخر
κύριος κυρίου, ὁ	97	اسم (صرف دوم)	جامعه و حکومت	سرور، ارباب
μᾶλλον	98	قید	حرف ربط/ قید	بیش، بیشتر، بیش از
ὅδε ἥδε τόδε	99	ضمیر	ضمیر/ادات پرسش	این
ὅλος ὅλη ὅλον	100	صفت (صرف اول و دوم)	سنجش و شمارش	همه، کل، تمام، کامل
μέρος μέρους, τό	101	اسم (صرف سوم مختوم به σ)	سنجش و شمارش	قسمت، بخش
ἄρα	102	قید	ادات	در نتیجه، بنابراین
ἐμός ἐμή ἐμόν	103	صفت (صرف اول و دوم)	ضمیر/ادات پرسش	مال من، ِ من 
χράομαι, χρήσομαι, ἐχρησάμην, κέχρημαι, ἐχρήσθην	104	فعل (مجهول‌نما)	جامعه و حکومت	استفاده کردن، از سر گذراندن، متحمل شدن، رفتار کردن، تا کردن
δύο	105	صفت (شمارشی)	سنجش و شمارش	دو
χρόνος χρόνου, ὁ	106	اسم (صرف دوم)	زمان	زمان
ἴσος ἴση ἴσον	107	صفت (صرف اول و دوم)	سنجش و شمارش	مانند، برابر (+برایی)
ὅταν (ὅτε-ἄν)	108	حرف ربط وابسته‌ساز	حرف ربط/ قید	هرگاه که، هنگامی که (+التزامی)
μόνον	109	قید	حرف ربط/ قید	تنها، فقط
οἶδα, infin. εἰδέναι, imper. ἴσθι, plupf. used as impf. ᾔδειν	110	فعل (بی‌قاعده)	ذهن، دریافت، و یادگیری	دانستن، بلد بودن (+اسم مصدر)
βασιλεύς βασιλέως, ὁ	111	اسم (مختوم به έως و εύς)	جامعه و حکومت	شاه؛ بدون حرف تعریف: شاه پارس
ὦ	112	interjection	ادات	آه؛ ای (+ندایی)
βούλομαι, βουλήσομαι, βεβούλημαι, ἐβουλήθην	113	فعل (مجهول‌نما)	ادراکات و احساسات	مایل بودن، راغب بودن، حاضر به انجام کاری بودن؛ ὁ βουλόμενος: آن‌کس که می‌خواهد/مایل است... (+اسم مصدر)
φαίνω, φανῶ, ἔφηνα, πέφηνα, πέφασμαι, ἐφάνην	114	فعل (مختوم به صامت روان)	یافتن و نمایاندن	روشن کردن، آشکار کردن. مجهول: روشن شدن، آشکار شدن (+اسم مصدر یا مصدر وصفی)
γράφω, γράψω, ἔγραψα, γέγραφα, γέγραμμαι, ἐγράφην	115	فعل (مختوم به صامت لبی)	گفتن و نوشتن	نوشتن
φέρω, οἴσω, 1 aor. ἤνεγκα, 2 aor. ἤνεγκον, ἐνήνοχα, ἐνήνεγμαι, ἠνέχθην	116	فعل (بی‌قاعده)	کار و فراغت	آوردن، حمل کردن
ψυχή ψυχῆς, ἡ	117	اسم (صرف اول)	انسان و هستی	روان، حیات، نفس، روح
μηδείς μηδεμία μηδέν	118	ضمیر	ضمیر/ادات پرسش	هیچ‌کس، هیچ‌چیز
αἴτιος αἰτία αἴτιον	119	صفت (صرف اول و دوم)	عدل و داد	مقصر، مسئول
πάλιν	120	قید	جهت	دوباره، باز، از نو؛ پیش
μάλιστα	121	قید	حرف ربط/ قید	بهترین، بیشترین؛ حتما، قطعا
ὑπάρχω, ὑπάρξω, ὑπῆρξα, ὑπῆργμαι, ὑπήρχθην	122	فعل (مختوم به صامت کامی)	انسان و هستی	بودن، وجود داشتن، آغاز کردن، پیش قدم شدن؛ τὰ ὑπάρχοντα: شرایط موجود
ἄρχω, ἄρξω, ἦρξα, ἦργμαι, ἤρχθην	123	فعل (مختوم به صامت کامی)	زمان	آغاز کردن، حکم راندن، هدایت کردن، تسلط داشتن بر (+اضافی)
γυνή γυναικός, ἡ	124	اسم (صرف سوم، بی‌قاعده)	انسان و هستی	زن
ποτε (enclitic)	125	قید	زمان	زمانی، گاهی
ἵνα	126	حرف ربط وابسته‌ساز	حرف ربط/ قید	که؛ آنجا که، جایی که ؛ تا 
ὄνομα ὀνόματος, τό	127	اسم (صرف سوم مختوم به صامت)	گفتن و نوشتن	نام، آوازه
ὑπέρ	128	حرف اضافه	حرف اضافه بدون جهت	به خاطر، برای (+اضافی) بالای، فراتر از (+رایی)
ἤδη	129	قید	زمان	اکنون، الان، همین حالا (برای گذشته و آینده‌ی نزدیک نیز به کار می‌رود)
πατήρ πατρός, ὁ	130	اسم (صرف سوم، بی‌قاعده)	روابط، خانه و خانواده	پدر
ἀκούω, ἀκούσομαι, ἤκουσα, ἀκήκοα, plup. ἠκηκόη or ἀκηκόη, ἠκούσθην	131	فعل (مختوم به مصوت)	ادراکات و احساسات	شنیدن، گوش دادن
γένος γένους, τό	132	اسم (صرف سوم مختوم به σ)	روابط، خانه و خانواده	تبار، چهر، نوع ، گونه
τόπος τόπου, ὁ	133	اسم (صرف دوم)	زمین	مکان، موضوع
πράσσω, πράξω, ἔπραξα, πέπραχα, πέπραγμαι, ἐπράχθην	134	فعل (مختوم به صامت دندانی)	کار و فراغت	کردن، انجام دادن، پدید آوردن
πρῶτος πρώτη πρῶτον	135	صفت (صرف اول و دوم)	سنجش و شمارش	نخست
εὑρίσκω, εὑρήσω, 2 aor. ηὗρον or εὗρον, ηὕρηκα or εὕρηκα, εὕρημαι, εὑρέθην	136	فعل (مختوم به صامت کامی)	یافتن و نمایاندن	یافتن، کشف کردن، اختراع کردن
παῖς παιδός, ὁ/ἡ	137	اسم (صرف سوم مختوم به صامت)	روابط، خانه و خانواده	فرزند، غلام، کنیز
ἔρχομαι, fut. εἶμι or ἐλεύσομαι, 2 aor. ἦλθον, ἐλήλυθα	138	فعل (مجهول‌نما)	حرکت	آمدن، رفتن
υἱός υἱοῦ, ὁ	139	اسم (صرف دوم)	روابط، خانه و خانواده	پسر
ὕδωρ ὕδατος, τό	140	اسم (صرف سوم مختوم به صامت)	نظم جهانی	آب
ἴδιος ἰδία ἴδιον	141	صفت (صرف اول و دوم)	ضمیر/ادات پرسش	مخصوص، ویژه، متمایز
σός σή σόν	142	صفت (صرف اول و دوم)	ضمیر/ادات پرسش	مال تو، ِ تو (مفرد ὑμέτερος)
γιγνώσκω, γνώσομαι, ἔγνων, ἔγνωκα, ἔγνωσμαι, ἐγνώσθην	143	فعل (مختوم به صامت کامی)	ذهن، دریافت، و یادگیری	فرا گرفتن، فهمیدن، تمییز دادن (+رایی و اسم مصدر)
τυγχάνω, τεύξομαι, ἔτυχον, τετύχηκα. τέτυγμαι, ἐτύχθην	144	فعل (مختوم به صامت روان)	انسان و هستی	رخ دادن، پیش آمدن؛ نائل شدن، موفق شدن
ἵστημι στήσω will set, ἔστησα set, caused to stand, 2 aor. ἔστην stood, ἕστηκα stand, plup. εἱστήκη stood, ἐστάθην stood	145	فعل (مختوم به μι)	کار و فراغت	ایستاندن، قرار دادن، برپا کردن
ἅμα	146	قید	زمان	هم‌زمان، همراه با (+برایی)
ἄγω, ἄξω, ἤγαγον, ἦχα, ἦγμαι, ἤχθην	147	فعل (مختوم به صامت کامی)	حرکت	رهبری کردن، راه نمودن، آوردن، گذراندن
τρόπος τρόπου, ὁ	148	اسم (صرف دوم)	خصوصیات	شیوه، طریق، طرز، خوی
μήτε...μήτε	149	حرف ربط هم‌پایه‌ساز	حرف ربط/ قید	و نه؛ نه... و نه...؛ نه این و نه آن
μέσος μέση μέσον	150	صفت (صرف اول و دوم)	سنجش و شمارش	میان، میانه، معتدل؛ τὸ μέσον: وسط
ἀλλήλων –οις	151	ضمیر	ضمیر/ادات پرسش	(با) یکدیگر، متقابلا
ἀεί	152	قید	زمان	همواره، همیشه
φίλος φίλη φίλον	153	صفت (صرف اول و دوم)	روابط، خانه و خانواده	 عزیز، دوست، مهربان
, συμβήσομαι, 2 aor. συνέβην, συμβέβηκα	154	فعل (مختوم به صامت روان)	روابط، خانه و خانواده	توافق کردن، مطابقت کردن، روی دادن
ἔργον ἔργου, τό	155	اسم (صرف دوم)	کار و فراغت	کار، عمل، کردار
πλέω, πλεύσομαι, ἔπλευσα, πέπλευκα, πέπλευσμαι, ἐπλεύσθην	156	فعل (ادغام شده)	جامعه و حکومت	کشتی راندن، دریا نوردیدن، 
τότε	157	قید	زمان	آنگاه، آن زمان، سپس؛οἱ τότε: مردم آن روزگار، متضاد οἱ νῦν: مردم روزگار ما
μήν	158	قید	ادات	(ادات تاکید)
χρή, impf. χρῆν or ἐχρῆν, infin. χρῆναι	159	فعل (غیرشخصی)	اخلاق و ارزش‌ها	لازم است، بایستی... (+اسم مصدر و رایی)
δείκνυμι, δείξω, ἔδειξα, δέδειχα, δέδειγμαι, ἐδείχθην	160	فعل (مختوم به μι)	یافتن و نمایاندن	نشان دادن، نمایاندن
ζῷον ζῴου, τό	161	اسم (صرف دوم)	گیاهان و جانداران	جاندار، حیوان
πρᾶγμα πράγματος, τό	162	اسم (صرف سوم مختوم به صامت)	کار و فراغت	امر، مسئله، شی
ἐναντίος ἐναντία ἐναντίον	163	حرف اضافه	جهت	متضاد، مقابل
τίθημι, θήσω, ἔθηκα, τέθηκα, τέθειμαι (but usu. κεῖμαι instead), ἐτέθην	164	فعل (مختوم به μι)	کار و فراغت	گذاشتن، قرار دادن، برقرار کردن
εἶδον, 2 aor. of ὁράω, act. infin. ἰδεῖν, mid.infin. ἰδέσθαι	165	فعل (بی‌قاعده)	ادراکات و احساسات	دیدن
χείρ χειρός, ἡ	166	اسم (صرف سوم مختوم به صامت)	اجزا بدن	دست
μηδέ	167	حرف ربط هم‌پایه‌ساز	حرف ربط/ قید	و نه، نه حتی
ὀλίγος ὀλίγη ὀλίγον	168	صفت (صرف اول و دوم)	سنجش و شمارش	کم، کوچک، اندک
νόμος νόμου, ὁ	169	اسم (صرف دوم)	عدل و داد	رسم، سنت، قاعده
κοινός –ή –όν	170	صفت (صرف اول و دوم)	جامعه و حکومت	متداول، مرسوم، مشترک
οἴομαι or οἶμαι, οἰήσομαι, impf. ᾤμην, aor. ᾠήθην	171	فعل (مجهول‌نما)	ذهن، دریافت، و یادگیری	پنداشتن، انگاشتن، اندیشیدن
κινέω, κινήσω, ἐκίνησα, κεκίνηκα, κεκίνημαι, ἐκινήθην	172	فعل (ادغام شده)	حرکت	جنباندن، حرکت دادن، به هم زدن
πάσχω, πείσομαι, ἔπαθον, πέπονθα	173	فعل (مختوم به صامت کامی)	مرگ و زندگی	از سر گذراندن، تحمل کردن، تجربه کردن، آزار دیدن
πῶς	174	قید	ضمیر/ادات پرسش	چگونه؟
ὅσπερ ἥπερ ὅπερ	175	ضمیر	ضمیر/ادات پرسش	همان کس/چیز که
τοσοῦτος –αύτη –οῦτο(ν)	176	صفت (صرف اول و دوم)	سنجش و شمارش	آن‌قدر، چنان  
σύν	177	حرف اضافه	حرف اضافه بدون جهت	با (+برایی)
εἶτα	178	قید	حرف ربط/ قید	سپس
ἀληθής –ές	179	صفت (مختوم به ης و ες)	اخلاق و ارزش‌ها	صادق، حقیقی، راستین
δίκαιος δικαία δίκαιον	180	صفت (صرف اول و دوم)	عدل و داد	مساوی، برابر، منصفانه
μέλλω, μελλήσω, ἐμέλλησα	181	فعل (مختوم به صامت روان)	ادراکات و احساسات	بر آن شدن، قصد کردن (+اسم مصدر)
ἐθέλω, ἐθελήσω, ἠθέλησα, ἠθέληκα	182	فعل (مختوم به صامت روان)	ادراکات و احساسات	خواستن، آرزو داشتن (+اسم مصدر)
λοιπός –ή –όν	183	صفت (صرف اول و دوم)	سنجش و شمارش	باقی، مانده
ἀνάγκη ἀνάγκης, ἡ	184	اسم (صرف اول)	نظم جهانی	الزام، اجبار
ὅτε	185	حرف ربط وابسته‌ساز	زمان	وقتی، زمانی که
δεύτερος –α –ον	186	صفت (شمارشی)	سنجش و شمارش	دوم
πόλεμος πολέμου ὁ	187	اسم (صرف دوم)	جنگ و صلح	جنگ 
χώρα χώρας, ἡ	188	اسم (صرف اول)	زمین	سرزمین، دیار، کشور
ζάω, ζήσω, ἔζησα, ἔζηκα	189	فعل (ادغام شده)	مرگ و زندگی	زندگی کردن، زنده بودن
πλῆθος πλήθους, τό	190	اسم (صرف سوم مختوم به σ)	جامعه و حکومت	کثرت، بزرگی، جمعیت
ἥλιος ἡλίου, ὁ	191	اسم (صرف دوم)	نظم جهانی	خورشید
αἰτία αἰτίας, ἡ	192	اسم (صرف اول)	عدل و داد	تقصیر، سبب، اتهام
πείθω, πείσω, ἔπεισα, πέποιθα, πέπεισμαι, ἐπείσθην	193	فعل (مختوم به صامت دندانی)	گفتن و نوشتن	تشویق کردن، غلبه کردن. مجهول و میانی: مغلوب شدن، پیروی کردن، باور داشتن (+برایی)
πάρειμι	194	فعل (بی‌قاعده)	انسان و هستی	آماده بودن، حضور داشتن، حاضر بودن τὰ παρόντα: در حال حاضر
πλεῖστος πλείστη πλεῖστον	195	صفت (صرف اول و دوم)	سنجش و شمارش	بیشترین، زیادترین، بزرگترین (صفت عالی πολύς)
εἶδος εἴδους, τό	196	اسم (صرف سوم مختوم به σ)	سنجش و شمارش	صورت، شکل، دسته، گونه
ὅπως	197	حرف ربط وابسته‌ساز	حرف ربط/ قید	چنان، تا اینکه، به نحوی که (+التزامی یا تمنایی)
τρεῖς τρία	198	صفت (شمارشی)	سنجش و شمارش	سه
βίος βίου, ὁ	199	اسم (صرف دوم)	مرگ و زندگی	زندگی
νομίζω, νομιῶ, ἐνόμισα, νενόμικα, νενόμισμαι, ἐνομίσθην	200	فعل (مختوم به صامت دندانی)	ذهن، دریافت، و یادگیری	اندیشیدن، باور داشتن، مرسوم بودن، عادت داشتن (+ اسم مصدر)
κύκλος κύκλου, ὁ	201	اسم (صرف دوم)	سنجش و شمارش	دایره، قرص، گردی، حلقه، چرخش
πάθος πάθους, τό	202	اسم (صرف سوم مختوم به σ)	ادراکات و احساسات	حادثه، مصیبت، شور، اشتیاق، وضعیت
πρό	203	حرف اضافه	زمان	پیش، قبل، مقابل (+اضافی)
μέντοι	204	قید	ادات	هر چند، با این حال
ὀνομάζω, ὀνομάσω, ὠνόμασα, ὠνόμακα, ὠνόμασμαι, ὠνομάσθην	204	فعل (مختوم به صامت دندانی)	گفتن و نوشتن	نامیدن، نام بردن
ἀρετή ἀρετῆς, ἡ	206	اسم (صرف اول)	اخلاق و ارزش‌ها	تعالی، برتری، دلاوری، رادی
ὑμέτερος ὑμετέρα ὑμέτερον	206	صفت (صرف اول و دوم)	ضمیر/ادات پرسش	مال شما، ِ شما (جمع σός)
ἔτος ἔτους, τό	208	اسم (صرف سوم مختوم به σ)	زمان	سال
ἀντί	209	حرف اضافه	جهت	ضد، غیر، در مقابل
ναῦς νεώς, ἡ	210	اسم (صرف سوم، بی‌قاعده)	کار و فراغت	ناو، کشتی
τρίτος –η –ον	211	صفت (شمارشی)	سنجش و شمارش	سوم
πνεῦμα πνεύματος, τό	212	اسم (صرف سوم مختوم به صامت)	زمین	باد، نفس، روح
ὀρθός –ή –όν	213	صفت (صرف اول و دوم)	سنجش و شمارش	راست، درست، صاف
θάλασσα θαλάσσης, ἡ	214	اسم (صرف اول)	زمین	دریا
διαφέρω, διοίσω, 1 aor. διήνεγκα, 2 aor. διήνεγκον, διενήνοχα, διενήνεγμαι	215	فعل (مختوم به صامت روان)	کار و فراغت	تفاوت داشتن، ناهمگون بودن، گستردن
μέχρι (+gen.)	216	حرف ربط وابسته‌ساز	زمان	تا، تا آنجا که، تا زمانی که (+اضافی)
δόξα δόξης, ἡ	217	اسم (صرف اول)	اخلاق و ارزش‌ها	پندار، گمان، خوشنامی
κεφαλή –ῆς, ἡ	218	اسم (صرف اول)	اجزا بدن	سر
πῦρ πυρός, τό	219	اسم (صرف سوم مختوم به صامت)	نظم جهانی	آتش
ἐλάσσων ἔλασσον	220	صفت (صرف سوم مختوم به ων و ον)	سنجش و شمارش	کوچک‌تر، کمتر، پست‌تر (صفت تفضیلی μικρός)
πούς ποδός, ὁ	221	اسم (صرف سوم مختوم به صامت)	اجزا بدن	پا
ἱερός –ά –όν	222	صفت (صرف اول و دوم)	دین	مقدس، فرازمینی
εὐθύς εὐθεῖα εὐθύ	223	صفت (مختوم به ύς، ύ و εῖα)	سنجش و شمارش	مستقیما، یک راست، قید: فورا
εἶμι, infin. ἰέναι, ptc. ἰών, ἰοῦσα, ἰόν	224	فعل (مختوم به μι)	حرکت	خواهم رفت (آینده‌ی فعل ἔρχομαι)
ταχύς ταχεῖα ταχύ	225	صفت (مختوم به ύς، ύ و εῖα)	خصوصیات	سریع، تند
ποταμός –οῦ, ὁ	226	اسم (صرف دوم)	زمین	رود
οὐσία οὐσίας, ἡ	227	اسم (صرف اول)	روابط، خانه و خانواده	ذات، جوهر، اساس
ἀριθμός –οῦ, ὁ	228	اسم (صرف دوم)	سنجش و شمارش	شمار
ὕστερος ὑστέρα ὕστερον	229	صفت (صرف اول و دوم)	جهت	آخری، پسین، پس از (+اضافی)
φυλάσσω, φυλάξω, ἐφύλαξα, πεφύλαχα, πεφύλαγμαι, ἐφυλάχθην	230	فعل (مختوم به صامت کامی)	جنگ و صلح	نگهبانی کردن ، دفاع کردن. وجه میانی: از کسی در مقابل چیزی دفاع کردن (+رایی)
καιρός καιροῦ, ὁ	231	اسم (صرف دوم)	زمان	فرصت، فصل
οἰκέω, οἰκήσω, ᾤκησα, ᾤκηκα, ᾠκήθην	232	فعل (ادغام شده)	روابط، خانه و خانواده	ساکن شدن، مستقر شدن
ἀμφότερος ἀμφοτέρα ἀμφότερον	233	صفت (صرف اول و دوم)	سنجش و شمارش	هر دو
σημεῖον σημείου, τό	234	اسم (صرف دوم)	یافتن و نمایاندن	نشانه، علامت
παρέχω, παρέξω, παρέσχον, παρέσχηκα, impf. παρεῖχον	235	فعل (مختوم به صامت کامی)	مبادلات 	تامین کردن، تدارک دیدن، اعطا کردن
ἑκάτερος ἑκατέρα ἑκάτερον	236	ضمیر	ضمیر/ادات پرسش	یکی از آن/ این دو ( متضاد ἀμφότερος)
δηλόω, δηλώσω, ἐδήλωσα, δεδήλωκα, ἐδηλώθην	237	فعل (ادغام شده)	یافتن و نمایاندن	آشکار ساختن، نمایان کردن، شرح دادن
οἰκεῖος οἰκεία οἰκεῖον	238	صفت (صرف اول و دوم)	روابط، خانه و خانواده	خانگی، خودی، سازگار
κελεύω, κελεύσω, ἐκέλευσα, κεκέλευκα, κεκέλευσμαι, ἐκελεύσθην	239	فعل (مختوم به مصوت)	عدل و داد	امر کردن، فرمان دادن (+رایی و اسم مصدر)
τέλος τέλους, τό	240	اسم (صرف سوم مختوم به σ)	مرگ و زندگی	پایان، برآمد، دستاورد
ἡγέομαι, ἡγήσομαι, ἡγησάμην, ἥγημαι	241	فعل (مجهول‌نما)	ذهن، دریافت، و یادگیری	رهبری کردن، صلاح دانستن، باور داشتن
ἄξιος ἀξία ἄξιον	242	صفت (صرف اول و دوم)	اخلاق و ارزش‌ها	شایسته، سزاوار
ἦ	243	قید	ادات	به راستی، واقعا (قید تاکید)
δῆλος δήλη δῆλον	244	صفت (صرف اول و دوم)	یافتن و نمایاندن	آشکار، مشهود
τοίνυν (τοί-νυν)	245	قید	ادات	بنابراین، در نتیجه؛ علاوه بر این
πολέμιος πολεμία πολέμιον	246	صفت (صرف اول و دوم)	جنگ و صلح	دشمن
ἔρομαι, ἐρήσομαι, 2 aor. ἠρόμην	247	فعل (مجهول‌نما)	گفتن و نوشتن	سراغ گرفتن، جویا شدن (+رایی)
ἀδελφός –οῦ, ὁ	248	اسم (صرف دوم)	روابط، خانه و خانواده	برادر
μέγεθος μεγέθους, τό	249	اسم (صرف سوم مختوم به σ)	سنجش و شمارش	بزرگی، عظمت، اندازه
εἴτε…εἴτε	250	حرف ربط هم‌پایه‌ساز	حرف ربط/ قید	یا... یا...، یا این و یا آن
κεῖμαι, κείσομαι	251	فعل (مجهول‌نما)	کار و فراغت	آرمیدن، قرار گرفتن، جای گرفتن، گماشته شدن
πολλάκις	252	قید	زمان	اغلب
πίνω, πίομαι, 2 aor. ἔπιον, πέπωκα, -πέπομαι, -επόθην	253	فعل (مختوم به صامت روان)	ادراکات و احساسات	نوشیدن
χάρις χάριτος, ἡ	254	اسم (صرف سوم مختوم به صامت)	اخلاق و ارزش‌ها	شکوه، جلال، لطف، سرافرازی
ἔπειτα	255	قید	زمان	پس، سپس
ζητέω, ζητήσω, ἐζήτησα, ἐζήτηκα	256	فعل (ادغام شده)	یافتن و نمایاندن	جستجو کردن، جویا شدن
σχῆμα σχήματος, τό	257	اسم (صرف سوم مختوم به صامت)	سنجش و شمارش	صورت، شکل، ظاهر، نقش
τροφή τροφῆς, ἡ	258	اسم (صرف اول)	مرگ و زندگی	خوراک، پرورش
μανθάνω, μαθήσομαι, ἔμαθον, μεμάθηκα	259	فعل (مختوم به صامت روان)	ذهن، دریافت، و یادگیری	آموختن، یاد گرفتن، فهمیدن
ἐνταῦθα	260	قید	جهت	اینجا، آنجا، در این هنگام
φεύγω, φεύξομαι, ἔφυγον, πέφευγα	261	فعل (مختوم به صامت کامی)	حرکت	گریختن، رانده‌ شدن
ἵππος ἵππου, ὁ	262	اسم (صرف دوم)	گیاهان و جانداران	اسب
κόσμος κόσμου, ὁ	263	اسم (صرف دوم)	نظم جهانی	نظم، آرایش، آذین، کیهان، گیتی
αἷμα αἵματος, τό	264	اسم (صرف سوم مختوم به صامت)	اجزا بدن	خون
αἱρέω, αἱρήσω, 2 aor. εἷλον, ᾕρηκα, ᾕρημαι, ᾑρέθην	265	فعل (ادغام شده)	مبادلات 	گرفتن، به چنگ آوردن؛ میانی: گزیدن
προστίθημι, προσθήσω, προσέθηκα, προστέθηκα, προστέθειμαι (but commonly προσκεῖμαι instead), προσετέθην	266	فعل (مختوم به μι)	مبادلات 	افزودن، واگذاردن؛ میانی: پیوستن
ἀξιόω, ἀξιώσω, ἠξίωσα, ἠξίωκα, ἠξίωμαι, ἠξιώθην	267	فعل (ادغام شده)	اخلاق و ارزش‌ها	لایق دانستن، طلب کردن
ἕως	268	حرف ربط وابسته‌ساز	زمان	تا
νέος νέα νέον	269	صفت (صرف اول و دوم)	خصوصیات	نو، جوان
ἔοικα, ptc. εἰκώς	270	فعل (بی‌قاعده)	خصوصیات	به نظر رسیدن، شبیه بودن (+برایی)، درخور بودن
κἄν (καὶ-ἄν)	271	حرف ربط وابسته‌ساز	حرف ربط/ قید	مگر، حتی اگر
καθίστημι, καταστήσω, κατέστησα, κατέστην, καθέστηκα, plupf. καθειστήκη, κατεστάθην	272	فعل (مختوم به μι)	کار و فراغت	برپا کردن، برقرار کردن
τέχνη τέχνης, ἡ	273	اسم (صرف اول)	جامعه و حکومت	مهارت، حیله، نیرنگ، فن
χρῆμα χρήματος, τό	274	اسم (صرف سوم مختوم به صامت)	جامعه و حکومت	چیز، امر، پول، مال و منال
σῴζω, σώσω, ἔσωσα, σέσωκα, ἐσώθην	275	فعل (مختوم به صامت دندانی)	امنیت و سلامت	نجات دادن، حفظ کردن
πέμπω, πέμψω, ἔπεμψα, πέπομφα, πέπεμμαι, ἐπέμφθην	276	فعل (مختوم به صامت لبی)	حرکت	فرستادن
φωνή φωνῆς, ἡ	277	اسم (صرف اول)	ادراکات و احساسات	صدا، آوا
ἕνεκα	278	حرف اضافه	حرف اضافه بدون جهت	به خاطر
ἀπόλλυμι, ἀπολῶ, ἀπώλεσα, 2 aor. mid. ἀπωλόμην, pf. ἀπολώλεκα (“I have utterly destroyed”) or ἀπόλωλα (“I am undone”)	279	فعل (مختوم به μι)	مرگ و زندگی	کشتن ، نابود کردن؛ میانی: تلف شدن، مردن
θάνατος θανάτου, ὁ	280	اسم (صرف دوم)	مرگ و زندگی	مرگ
νύξ νυκτός, ἡ	281	اسم (صرف سوم مختوم به صامت)	نظم جهانی	شب
ὁδός ὁδοῦ, ἡ	282	اسم (صرف دوم)	جامعه و حکومت	راه، روش
ἔθνος ἔθνους, τό	283	اسم (صرف سوم مختوم به σ)	جامعه و حکومت	قوم
ἀποδίδωμι, ἀποδώσω, ἀπέδωκα, ἀποδέδωκα, ἀποδέδομαι, ἀπεδόθην	284	فعل (مختوم به μι)	مبادلات 	برگرداندن، تحویل دادن، اجازه دادن؛ میانی: فروختن
νοῦς (νόος), νοῦ (νόου), ὁ	285	اسم (صرف دوم)	ذهن، دریافت، و یادگیری	ذهن، ادراک
μένω, μενῶ, ἔμεινα, μεμένηκα	286	فعل (مختوم به صامت روان)	حرکت	ماندن، دوام آوردن
ἀποθνῄσκω, ἀποθανοῦμαι, 2 aor. ἀπέθανον, ἀποτέθνηκα	287	فعل (مختوم به صامت کامی)	مرگ و زندگی	مردن
πάνυ	288	قید	حرف ربط/ قید	یکسره، کاملا
εὖ	289	قید	حرف ربط/ قید	به نیکی، به خوبی، به درستی
κρίνω, κρινῶ, ἔκρινα, κέκρικα, κέκριμαι, ἐκρίθην	290	فعل (مختوم به صامت روان)	عدل و داد	تمییز دادن،  تعیین کردن، تصمیم گرفتن، حکم دادن
ἀναιρέω, ἀναιρήσω, ἀνεῖλον, ἀνῄρηκα, ἀνῄρημαι, ἀνῃρέθην	291	فعل (ادغام شده)	جنگ و صلح	برداشتن، بالا بردن، نابود کردن
μακρός –ά –όν	292	صفت (صرف اول و دوم)	سنجش و شمارش	بلند، طولانی، بزرگ
ἥκω, ἥξω, pf. ἧκα	293	فعل (مختوم به صامت کامی)	حرکت	حضور داشتن، رسیدن
ἡδονή –ῆς, ἡ	294	اسم (صرف اول)	کار و فراغت	لذت، خوشی
μήτηρ μητρός, ἡ	295	اسم (صرف سوم، بی‌قاعده)	روابط، خانه و خانواده	مادر
δεινός –ή –όν	296	صفت (صرف اول و دوم)	خصوصیات	شگفت، مهیب، زیرک، هوشمند
διαφορά –ᾶς, ἡ	297	اسم (صرف اول)	عدل و داد	تفاوت، اختلاف
κρατέω, κρατήσω, ἐκράτησα, κεκράτηκα, κεκράτημαι, ἐκρατήθην	298	فعل (ادغام شده)	جامعه و حکومت	فرمان‌روایی کردن، قدرت به دست گرفتن، برتر بودن (+اضافی)
δῆμος δήμου, ὁ	299	اسم (صرف دوم)	انسان و هستی	عوام، مردم
οὐρανός –οῦ, ὁ	300	اسم (صرف دوم)	نظم جهانی	عرش، آسمان
ἕπομαι ἕψομαι, 2 aor. ἑσπόμην	301	فعل (مجهول‌نما)	حرکت	پیروی کردن، دنبال کردن
ἥσσων ἧσσον	302	صفت (صرف سوم مختوم به ων و ον)	خصوصیات	کمتر، ضعیف‌تر، پست‌تر
ὄρος ὄρους, τό	303	اسم (صرف سوم مختوم به σ)	زمین	کوه، تپه
πλήν	304	حرف اضافه	حرف اضافه بدون جهت	به جز، غیر از
τέτταρες τέτταρα	305	صفت (شمارشی)	سنجش و شمارش	چهار
δυνατός –ή –όν	306	صفت (صرف اول و دوم)	خصوصیات	توانا، نیرومند
οἶκος οἴκου, ὁ	307	اسم (صرف دوم)	روابط، خانه و خانواده	مسکن، خانمان، خانه، سرا
ἄριστος ἀρίστη ἄριστον	308	صفت (صرف اول و دوم)	اخلاق و ارزش‌ها	بهترین، نیکوترین
ῥᾴδιος ῥᾳδία ῥᾴδιον	309	صفت (صرف اول و دوم)	خصوصیات	آسان، سهل
ἀφαιρέω, ἀφαιρήσω, ἀφεῖλον, ἀφῄρηκα, ἀφῄρημαι, ἀφῃρέθην	310	فعل (ادغام شده)	مبادلات 	جدا کردن
τύχη τύχης, ἡ	311	اسم (صرف اول)	مرگ و زندگی	 بخت، اقبال، طالع
φανερός –ά –όν	312	صفت (صرف اول و دوم)	ادراکات و احساسات	واضح، نمایان، مشهود
πρόσωπον προσώπου, τό	313	اسم (صرف دوم)	اجزا بدن	رخ، سیما، نقاب، شخص
πιστεύω, πιστεύσω, ἐπίστευσα, πεπίστευκα, πεπίστευμαι, ἐπιστεύθην	314	فعل (مختوم به مصوت)	ادراکات و احساسات	اعتماد کردن، باور داشتن (+برایی)
διδάσκω, διδάξω, ἐδίδαξα, δεδίδαχα, δεδίδαγμαι, ἐδιδάχθην	315	فعل (مختوم به صامت کامی)	ذهن، دریافت، و یادگیری	آموختن
ἄνω	316	قید	جهت	بالا، بالادست، رو به بالا
τάσσω, τάξω, ἔταξα, τέταχα, τέταγμαι, ἐτάχθην	317	فعل (مختوم به صامت کامی)	جامعه و حکومت	در صف آوردن، سازمان دادن، آراستن
ὀφθαλμός –οῦ, ὁ	318	اسم (صرف دوم)	اجزا بدن	چشم
δέχομαι, δέξομαι, ἐδεξάμην, δέδεγμαι, -εδέχθην	319	فعل (مجهول‌نما)	روابط، خانه و خانواده	گرفتن، پذیرفتن، دریافت کردن
ἀφικνέομαι, ἀφίξομαι, 2 aor. ἀφικόμην, ἀφῖγμαι	320	فعل (مجهول‌نما)	حرکت	آمدن، رسیدن
ἱκανός –ή –όν	321	صفت (صرف اول و دوم)	امنیت و سلامت	بسنده، کافی، قابل
ἐργάζομαι, ἐργάσομαι, εἰργασάμην, εἴργασμαι	322	فعل (مجهول‌نما)	کار و فراغت	کار کردن، زحمت کشیدن، کوشیدن
μάχη μάχης, ἡ	323	اسم (صرف اول)	جنگ و صلح	نبرد، رزم
τρέφω, θρέψω, ἔθρεψα, τέθραμμαι, ἐτράφην	324	فعل (مختوم به صامت لبی)	مرگ و زندگی	پروراندن، رشد دادن، نگهداری کردن، تربیت کردن
ἀδύνατος –ον	325	صفت (صرف اول و دوم)	جامعه و حکومت	ناتوان، ناممکن
ἀκριβής –ές	326	صفت (مختوم به ης و ες)	سنجش و شمارش	دقیق
που	327	قید	ادات	آنجا، جایی؛ شاید 
ὅθεν	328	قید	جهت	آنجا که، از جایی که، از آنجا، از آن رو
στόμα στόματος, τό	329	اسم (صرف سوم مختوم به صامت)	اجزا بدن	دهان، دهانه، رو
χωρίς	330	قید	جهت	جداگانه، بدون، مستقل از
κρείσσων κρεῖσσον	331	صفت (صرف سوم مختوم به ων و ον)	خصوصیات	نیرومندتر، قوی‌تر، برتر، بهتر
βραχύς βραχεῖα βραχύ	332	صفت (مختوم به ύς، ύ و εῖα)	خصوصیات	کوتاه، کوچک
ἰσχυρός –ά –όν	333	صفت (صرف اول و دوم)	خصوصیات	نیرومند، قدرتمند
ἀλήθεια ἀληθείας, ἡ	334	اسم (صرف اول)	اخلاق و ارزش‌ها	حقیقت
δίκη δίκης, ἡ	335	اسم (صرف اول)	عدل و داد	عدل، داد، داوری، محاکمه، مجازات
χωρίον χωρίου, τό	336	اسم (صرف دوم)	زمین	محل، جا، مکان
ἡδύς ἡδεῖα ἡδύ	337	صفت (مختوم به ύς، ύ و εῖα)	خصوصیات	شیرین، مطبوع، دلپذیر
νόσος νόσου, ὁ	338	اسم (صرف دوم)	مرگ و زندگی	بیماری، ناخوشی
λίθος λίθου, ὁ	339	اسم (صرف دوم)	زمین	سنگ
παλαιός –ά –όν	340	صفت (صرف اول و دوم)	خصوصیات	کهن، دیرینه
ἀφίημι, ἀφήσω, ἀφῆκα, ἀφεῖκα, ἀφεῖμαι, ἀφείθην	341	فعل (مختوم به μι)	مبادلات 	رها کردن، آزاد ساختن، دست برداشتن
ἄλλως	342	قید	ضمیر/ادات پرسش	وگرنه
πρᾶξις πράξεως, ἡ	343	اسم (صرف سوم مختوم به ι)	کار و فراغت	معامله، داد و ستد، عمل، کنش
σαφής σαφές	344	صفت (مختوم به ης و ες)	یافتن و نمایاندن	واضح، روشن، ساده
σοφός –ή –όν	345	صفت (صرف اول و دوم)	خصوصیات	خردمند، هوشمند، کاردان
νικάω, νικήσω, ἐνίκησα, νενίκηκα, νενίκημαι, ἐνικήθην	346	فعل (ادغام شده)	جنگ و صلح	پیروز شدن، مغلوب کردن
ὁμολογέω, ὁμολογήσω, ὡμολόγησα, ὡμολόγηκα, ὡμολόγημαι, ὡμολογήθην	347	فعل (ادغام شده)	عدل و داد	موافق بودن،  هم رای بودن (+برایی)
ναός (νεώς) ναοῦ (νεώ), ὁ	348	اسم (صرف دوم)	دین	معبد، پرستشگاه
αὖ, αὖθις	349	قید	ادات	باز، دوباره
πατρίς πατρίδος, ἡ	350	اسم (صرف سوم مختوم به صامت)	جامعه و حکومت	میهن، وطن
ὀξύς ὀξεῖα ὀξύ	351	صفت (مختوم به ύς، ύ و εῖα)	خصوصیات	تند، تیز، زیر (برای صدا)
καίτοι (καί-τοι)	352	قید	ادات	به راستی، با این حال
πλέον	353	قید	سنجش و شمارش	اغلب، عموما
πλέων πλέον	354	صفت (صرف سوم مختوم به ων و ον)	سنجش و شمارش	بیشتر، بزرگتر، فراوان‌تر
γνώμη γνώμης, ἡ	355	اسم (صرف اول)	ذهن، دریافت، و یادگیری	اندیشه، پندار، فهم، نیت، غرض
τιμή τιμῆς, ἡ	356	اسم (صرف اول)	اخلاق و ارزش‌ها	شکوه، افتخار، ارج، ارزش، مقام
μεταξύ	357	قید	جهت	میان، بین
προσήκω προσήξω	358	فعل (مختوم به صامت کامی)	اخلاق و ارزش‌ها	ربط داشتن، تعلق داشتن، درخور بودن؛ οἱ προσήκοντες: خویشاوندان τὰ προσήκoντα: وظایف
πρίν	359	حرف ربط وابسته‌ساز	زمان	پیش، قبل
ἀδικέω, ἀδικήσω, ἠδίκησα, ἠδίκηκα, ἠδίκημαι, ἠδικήθην	360	فعل (ادغام شده)	اخلاق و ارزش‌ها	اشتباه کردن، آسیب زدن
στρατηγός –οῦ, ὁ	361	اسم (صرف دوم)	جنگ و صلح	فرمانده، سرلشکر
οὐκέτι	362	قید	زمان	دیگر نه
πρέσβυς πρέσβεως, ὁ	363	اسم (مختوم به έως و εύς)	جامعه و حکومت	پیرمرد، پیر، ریش‌سفید
παύω, παύσω, ἔπαυσα, πέπαυκα, πέπαυμαι, ἐπαύθην	364	فعل (مختوم به مصوت)	حرکت	متوقف کردن، پایان دادن
τελευτάω, τελευτήσω, ἐτελεύτησα, τετελεύτηκα, τετελεύτημαι, ἐτελευτήθην	365	فعل (ادغام شده)	مرگ و زندگی	به پایان رسانیدن، مردن، به سرانجام رسانیدن
μίγνυμι, μείξω, ἔμειξα, μέμειγμαι, ἐμείχθην	366	فعل (مختوم به μι)	کار و فراغت	آمیختن
λαός λαοῦ, ὁ	367	اسم (صرف دوم)	انسان و هستی	مردم
θυγάτηρ θυγατρός, ἡ	368	اسم (صرف سوم، بی‌قاعده)	روابط، خانه و خانواده	دختر
οἰκία οἰκίας, ἡ	369	اسم (صرف اول)	روابط، خانه و خانواده	خانه، ساختمان
παραδίδωμι, παραδώσω, παρέδωκα, παραδέδωκα, παραδέδομαι, παρεδόθην	370	فعل (مختوم به μι)	مبادلات 	واگذاردن، تسلیم کردن، تسلیم شدن
ἔξω	371	قید	جهت	بیرون، بیرون از ، غیر از
νῆσος νήσου, ἡ	372	اسم (صرف دوم)	زمین	جزیره
ἐκεῖ	373	قید	جهت	آنجا
ἐπιστήμη –ης, ἡ	374	اسم (صرف اول)	ذهن، دریافت، و یادگیری	 فهم، مهارت، دانش
ἐάω, ἐάσω, εἴασα	375	فعل (ادغام شده)	عدل و داد	اجازه دادن، گذاشتن، رها کردن (+رایی و اسم مصدر)
θαυμάζω, θαυμάσομαι, ἐθαύμασα, τεθαύμακα, τεθαύμασμαι, ἐθαυμάσθην	376	فعل (مختوم به صامت دندانی)	ادراکات و احساسات	حیرت کردن، شگفت‌زده شدن
αἰσθάνομαι, αἰσθήσομαι, 2 aor. ᾐσθόμην, ᾔσθημαι	377	فعل (مجهول‌نما)	ذهن، دریافت، و یادگیری	فهمیدن، ، درک کردن، گوش دادن
χαίρω, χαιρήσω, κεχάρηκα, κεχάρημαι, ἐχάρην	378	فعل (مختوم به صامت روان)	ادراکات و احساسات	خوش بودن، از چیزی لذت بردن (+برایی یا مصدر وصفی)
χαλεπός –ή –όν	379	صفت (صرف اول و دوم)	خصوصیات	سخت، دشوار
τέκνον τέκνου, τό	380	اسم (صرف دوم)	روابط، خانه و خانواده	کودک، بچه
καταλαμβάνω, καταλήψομαι, κατέλαβον, κατείληφα, κατείλημμαι, κατελήφθην	381	فعل (مختوم به صامت روان)	جنگ و صلح	به دست آوردن، مصادره کردن، به چنگ آوردن، غلبه کردن، وا داشتن
μάχομαι, μαχοῦμαι, ἐμαχεσάμην, μεμάχημαι	382	فعل (مجهول‌نما)	جنگ و صلح	جنگیدن، جدل کردن
μιμνήσκω, -μνήσω, -έμνησα, pf. μέμνημαι, ἐμνήσθην	383	فعل (مختوم به صامت کامی)	ذهن، دریافت، و یادگیری	 به یاد آوردن، یاد آوری کردن
λύω, λύσω, ἔλυσα, λέλυκα, λέλυμαι, ἐλύθην	384	فعل (مختوم به مصوت)	جنگ و صلح	رهاندن، باز کردن، آزاد کردن، نابود کردن
θνῄσκω, 2 aor. -έθανον, τέθνηκα, θανοῦμαι	384	فعل (مختوم به صامت کامی)	مرگ و زندگی	مردن
τιμάω, τιμήσω, ἐτίμησα, τετίμηκα, τετίμημαι, ἐτιμήθην	386	فعل (ادغام شده)	اخلاق و ارزش‌ها	گرامی داشتن
τεῖχος τείχους, τό	387	اسم (صرف سوم مختوم به σ)	جامعه و حکومت	دیوار
ἴσως	388	قید	حرف ربط/ قید	به یک اندازه، به مساوات، شاید
αἴρω, ἀρῶ, ἦρα, ἦρκα, ἦρμαι, ἤρθην	389	فعل (مختوم به صامت کامی)	حرکت	بالا بردن، برداشتن
ἀποκτείνω, ἀποκτενῶ, ἀπέκτεινα, ἀπέκτονα	390	فعل (مختوم به صامت روان)	جنگ و صلح	کشتن
στρατιώτης –ου, ὁ	391	اسم (صرف دوم)	جنگ و صلح	سرباز
ἄνευ	392	حرف اضافه	حرف اضافه بدون جهت	بدون (+اضافی)
πότερος ποτέρα πότερον	393	صفت (صرف اول و دوم)	ضمیر/ادات پرسش	کدام یک (از این دو)؟
ἁπλῶς	394	قید	سنجش و شمارش	به تنهایی، به سادگی، در یک صورت
πίπτω, πεσοῦμαι, ἔπεσον, πέπτωκα	395	فعل (مختوم به صامت دندانی)	جنگ و صلح	 افتادن، فرو افتادن
τέταρτος –η –ον	396	صفت (شمارشی)	سنجش و شمارش	چهارم
κατασκευάζω, κατασκευάσω, κατεσκεύασα	397	فعل (مختوم به صامت دندانی)	کار و فراغت	آماده ساختن، تجهیز کردن
ἐχθρός –ά –όν	398	صفت (صرف اول و دوم)	خصوصیات	منفور
ἀγών ἀγῶνος, ὁ	399	اسم (صرف سوم مختوم به صامت)	جامعه و حکومت	مسابقه، مبارزه، همایش
κωλύω, κωλύσω, ἐκώλυσα, κεκώλυκα, κεκώλυμαι, ἐκωλύθην	400	فعل (مختوم به مصوت)	جنگ و صلح	بازداشتن، مانع شدن
ἁμαρτάνω, ἁμαρτήσομαι, ἡμάρτησα, 2 aor. ἥμαρτον, ἡμάρτηκα, ἡμάρτημαι, ἡμαρτήθην	401	فعل (مختوم به صامت روان)	اخلاق و ارزش‌ها	خطا زدن، اشتباه کردن
διαφθείρω, διαφθερῶ, διέφθειρα, διέφθαρκα, διέφθαρμαι, διεφθάρην	402	فعل (مختوم به صامت روان)	جنگ و صلح	خراب کردن، نابود کردن، فاسد کردن
πως	403	قید	ادات	به نحوی، به طرز
πόνος πόνου, ὁ	404	اسم (صرف دوم)	کار و فراغت	زحمت، کوشش، رنج
ἔνθα	405	قید	جهت	آنجا
τάξις τάξεως, ἡ	406	اسم (صرف سوم مختوم به ι)	جنگ و صلح	 ترتیب، نظم، آرایش نظامی، ارتش
πειράω (usually mid. πειράομαι), πειράσομαι, ἐπείρασα, πεπείραμαι, ἐπειράθην	407	فعل (ادغام شده)	کار و فراغت	 تلاش کردن، کوشیدن، آزمودن (+اضافی)
φοβέω, φοβήσω, ἐφόβησα, πεφόβημαι, ἐφοβήθην	408	فعل (ادغام شده)	ادراکات و احساسات	 ترساندن، گریزاندن (میانی: گریختن، هراسیدن)
βάλλω, βαλῶ, 2 aor. ἔβαλον, βέβληκα, βέβλημαι, ἐβλήθην	409	فعل (مختوم به صامت روان)	حرکت	 انداختن، زدن (با چیزی)، پرتاب کردن
πονηρός –ά –όν	410	صفت (صرف اول و دوم)	خصوصیات	بی ارزش، بد، پلید
ξένος ξένου, ὁ	411	اسم (صرف دوم)	جامعه و حکومت	غریبه، مهمان
βάρβαρος –ον	412	صفت (صرف اول و دوم)	جامعه و حکومت	بربر، غیر یونانی، بیگانه
ὅπου	413	حرف ربط وابسته‌ساز	حرف ربط/ قید	هر جا ، جایی
συμφέρω, συνοίσω, 1 aor. συνήνεγκα	414	فعل (بی‌قاعده)	امنیت و سلامت	سود داشتن، مفید بودن (+برایی) συμφέρει: مصلحت است که  τὸ συμφέρον: سود، منفعت 
πυνθάνομαι, πεύσομαι, 2 aor. ἐπυθόμην, πέπυσμαι	415	فعل (مجهول‌نما)	ذهن، دریافت، و یادگیری	 فراگرفتن، شنیدن، نیوشیدن، جویا شدن
δοῦλος δούλου, ὁ	416	اسم (صرف دوم)	جامعه و حکومت	برده
τέμνω, τεμῶ, 2 aor. ἔτεμον, -τέτμηκα, τέτμημαι, ἐτμήθην	417	فعل (مختوم به صامت روان)	جنگ و صلح	بریدن، تکه کردن، خرد کردن
χρήσιμος χρησίμη χρήσιμον	418	صفت (صرف اول و دوم)	خصوصیات	سودمند، مفید
ποῖος ποία ποῖον	419	صفت (صرف اول و دوم)	ضمیر/ادات پرسش	چه، که
ὅπλον ὅπλου, τό	420	اسم (صرف دوم)	جنگ و صلح	سلاح، ابزار، اسباب
πίστις πίστεως, ἡ	421	اسم (صرف سوم مختوم به ι)	ادراکات و احساسات	اعتماد، راستکاری، یقین
ὑπολαμβάνω, ὑπολήψομαι, ὑπέλαβον, ὑπείληφα, ὑπείλημμαι, ὑπελήφθην	422	فعل (مختوم به صامت روان)	ذهن، دریافت، و یادگیری	تصاحب کردن، فهمیدن، انگاشتن، پاسخ دادن
ποιητής –οῦ, ὁ	423	اسم (صرف دوم)	گفتن و نوشتن	خالق، آفریدگار، سازنده، شاعر
λανθάνω, λήσω, ἔλαθον, λέληθα	424	فعل (مختوم به صامت روان)	جامعه و حکومت	از دید دور ماندن؛ میانی: فراموش کردن
βελτίων βέλτιον	425	صفت (صرف سوم مختوم به ων و ον)	اخلاق و ارزش‌ها	بهتر
πάντως	426	قید	حرف ربط/ قید	به هر صورت، در هر حال
πορεύω, πορεύσω, ἐπόρευσα, πεπόρευμαι, ἐπορεύθην	427	فعل (مختوم به مصوت)	کار و فراغت	رساندن، بردن. میانی و مجهول: رفتن، برده شدن
ἀποκρίνω, ἀποκρινῶ, ἀπεκρινάμην, ἀπεκρίθη	428	فعل (مختوم به صامت روان)	گفتن و نوشتن	برگزیدن، جدا کردن. میانی: پاسخ دادن
πέντε	429	صفت (شمارشی)	سنجش و شمارش	پنج
κίνδυνος κινδύνου, ὁ	430	اسم (صرف دوم)	جنگ و صلح	خطر، مخاطره
κατηγορέω, κατηγορήσω, κατηγόρησα, κατηγόρηκα, κατηγόρημαι, κατηγορήθην	431	فعل (ادغام شده)	عدل و داد	متهم کردن، نکوهیدن (+اضافی)
τρέπω, τρέψω, ἔτρεψα, τέτροφα, ἐτράπην	432	فعل (مختوم به صامت لبی)	حرکت	چرخیدن، گردیدن، گرداندن، گریزاندن
ὅμως	433	قید	حرف ربط/ قید	به هر حال، با وجود، علیرغم
θεῖος θεία θεῖον	434	صفت (صرف اول و دوم)	دین	 الهی، ایزدی
ἱππεύς ἱππέως, ὁ	435	اسم (مختوم به έως و εύς)	جنگ و صلح	 سواره‌نظام، اسب‌سوار، سوار
κτάομαι, κτήσομαι, ἐκτησάμην, κέκτημαι	436	فعل (مجهول‌نما)	مبادلات 	به دست آوردن، گرفتن
λείπω, λείψω, ἔλιπον, λέλοιπα, λέλειμμαι, ἐλείφθην	437	فعل (مختوم به صامت لبی)	حرکت	واگذاشتن، رها کردن، ترک کردن
βουλή βουλῆς, ἡ	438	اسم (صرف اول)	جامعه و حکومت	عزم، اراده، مشورت، مجلس بزرگان، رایزنی
ἐλπίς ἐλπίδος, ἡ	439	اسم (صرف سوم مختوم به صامت)	ادراکات و احساسات	امید، چشم‌داشت
γραφή γραφῆς, ἡ	440	اسم (صرف اول)	گفتن و نوشتن	طرح، نقش، نوشته
τίκτω, τέξω or τέξομαι, ἔτεκον, τέτοκα, τέτεγμαι, ἐτέχθην	441	فعل (مختوم به صامت دندانی)	روابط، خانه و خانواده	پدید آوردن، به دنیا آوردن، ایجاد کردن، فرزند آوردن
κομίζω, κομιῶ, ἐκόμισα, κεκόμικα, κεκόμισμαι, ἐκομίσθην	442	فعل (مختوم به صامت دندانی)	امنیت و سلامت	نگه‌داری کردن، پاسداری کردن، بردن
θυμός θυμοῦ, ὁ	443	اسم (صرف دوم)	دین	روان، جان، دل
βλέπω, βλέψομαι, ἔβλεψα	444	فعل (مختوم به صامت لبی)	ادراکات و احساسات	دیدن، نگریستن
φόβος φόβου, ὁ	445	اسم (صرف دوم)	ادراکات و احساسات	وحشت، ترس، گریز
πολιτεία –ας, ἡ	446	اسم (صرف اول)	جامعه و حکومت	جمهوری، شهروندی، اساس‌نامه، قانون اساسی
στάδιον σταδίου, τό (pl. στάδια and στάδιοι)	447	اسم (صرف دوم)	سنجش و شمارش	واحد اندازه‌گیری طول، حدودا معادل ۱۸۵ متر
φρονέω, φρονήσω, ἐφρόνησα	448	فعل (ادغام شده)	ذهن، دریافت، و یادگیری	اندیشیدن، پنداشتن،
τοιόσδε τοιάδε τοιόνδε	449	صفت (صرف اول و دوم)	ضمیر/ادات پرسش	چنان
ὁρμάω, ὁρμήσω, ὥρμησα, ὥρμηκα, ὥρμημαι, ὡρμήθην	450	فعل (ادغام شده)	حرکت	به حرکت وا داشتن
παρασκευάζω, παρασκευάσω, παρεσκεύασα	451	فعل (مختوم به صامت دندانی)	کار و فراغت	آماده کردن، مهیا ساختن
λαλέω, λαλήσω, ἐλάλησα, λελάληκα, ἐλαλήθην	452	فعل (ادغام شده)	گفتن و نوشتن	حرف زدن، پرگویی کردن
δράω, δράσω, ἔδρασα, δέδρακα, δέδραμαι, ἐδράσθην	453	فعل (ادغام شده)	کار و فراغت	انجام دادن
σκοπέω, σκοπήσω, ἐσκόπησα	454	فعل (ادغام شده)	ادراکات و احساسات	بررسی کردن، در نظر گرفتن
βοῦς βοός, ὁ/ἡ	455	اسم (صرف سوم، بی‌قاعده)	گیاهان و جانداران	گاو
ἡμέτερος ἡμετέρα ἡμέτρον	456	صفت (صرف اول و دوم)	ضمیر/ادات پرسش	مال ما، َ ما
γράμμα γράμματος, τό	457	اسم (صرف سوم مختوم به صامت)	گفتن و نوشتن	نقش، نویسه (الفبا، متن)
ἐρωτάω, ἐρήσομαι, 2 aor. ἠρόμην	458	فعل (ادغام شده)	گفتن و نوشتن	جویا شدن، پرسیدن
πολεμέω, πολεμήσω, ἐπολέμησα, πεπολέμηκα	459	فعل (ادغام شده)	جنگ و صلح	جنگیدن
θύω, θύσω, ἔθυσα, τέθυκα, τέθυμαι, ἐτύθην	460	فعل (مختوم به مصوت)	دین	قربانی‌ کردن
ἐλαύνω, ἐλῶ, ἤλασα, -ελήλακα, ἐλήλαμαι, ἠλάθην	461	فعل (مختوم به صامت روان)	حرکت	راندن، حرکت دادن، راه‌بردن
δέδοικα, δείσομαι, ἔδεισα	462	فعل (مختوم به صامت دندانی)	ادراکات و احساسات	هراسیدن
σύμμαχος –ον	463	صفت (صرف اول و دوم)	جنگ و صلح	هم‌نبرد، هم‌پیمان
ἡγεμών ἡγεμόνος, ὁ	464	اسم (صرف سوم مختوم به صامت)	جامعه و حکومت	رهبر، فرمانده
βαρύς βαρεῖα βαρύ	465	صفت (مختوم به ύς، ύ و εῖα)	خصوصیات	سنگین، سخت، مشکل
ὧδε	466	قید	جهت	چنین
αἰσχρός –ά –όν	467	صفت (صرف اول و دوم)	خصوصیات	زشت، شرم‌آور، ننگین
εἰρήνη εἰρήνης, ἡ	468	اسم (صرف اول)	جنگ و صلح	صلح
ἁλίσκομαι, ἁλώσομαι, 2 aor. ἑάλων, ἑάλωκα	469	فعل (مجهول‌نما)	جنگ و صلح	فتح‌شدن، تسخیر شدن
δέκα	470	صفت (شمارشی)	سنجش و شمارش	ده
ἀμείνων ἄμεινον	471	صفت (صرف سوم مختوم به ων و ον)	اخلاق و ارزش‌ها	بهتر، تواناتر
χείρων χεῖρον	472	صفت (صرف سوم مختوم به ων و ον)	اخلاق و ارزش‌ها	بدتر، پست تر (تفضیلی)
βοηθέω, βοηθήσω, ἐβοήθησα, βεβοήθηκα	473	فعل (ادغام شده)	امنیت و سلامت	یاری دادن (+برایی)
λαμπρός –ά –όν	474	صفت (صرف اول و دوم)	خصوصیات	درخشان
ἀπαλλάσσω, ἀπαλλάξω, ἀπήλλαξα, ἀπήλλαχα, ἀπήλλαγμαι, ἀπηλλάχθην or ἀπηλλάγην	475	فعل (مختوم به صامت دندانی)	امنیت و سلامت	رها کردن (از چیزی)، زدودن
βουλεύω βουλεύσω, ἐβούλευσα, βεβούλευκα, βεβούλευμαι, ἐβουλεύθην	476	فعل (مختوم به مصوت)	جنگ و صلح	طرح ریختن، بر آن شدن؛ میانی: مشورت کردن، تامل کردن
μάλα	477	قید	حرف ربط/ قید	بسیار
αἰτέω, αἰτήσω, ᾔτησα, ᾔτηκα, ᾔτημαι, ᾐτήθην	478	فعل (ادغام شده)	گفتن و نوشتن	درخواست کردن، خواهش کردن
σωτηρία σωτηρίας, ἡ	479	اسم (صرف اول)	امنیت و سلامت	امنیت، نگهداری
ἆρα	480	قید	ادات	آیا
διώκω, διώξομαι, ἐδίωξα, δεδίωχα, ἐδιώχθην	481	فعل (مختوم به صامت کامی)	حرکت	دنبال کردن، تعقیب کردن
δαίμων δαίμονος, ὁ/ἡ	482	اسم (صرف سوم مختوم به صامت)	دین	نیروی ایزدی، روح، ایزد، بخت
οὐκοῦν	483	قید	ادات	بی شک 
γλῶσσα γλώσσης, ἡ	484	اسم (صرف اول)	اجزا بدن	زبان
ἑπτά	485	صفت (شمارشی)	سنجش و شمارش	هفت
τολμάω, τολμήσω, ἐτόλμησα, τετόλμηκα, τετόλμημαι, ἐτολμήθην	486	فعل (ادغام شده)	ادراکات و احساسات	تاب آوردن، جرات کردن
δεσπότης –ου, ὁ	487	اسم (صرف اول)	جامعه و حکومت	ارباب
εἰκός εἰκότος, τό	488	اسم (صرف سوم مختوم به صامت)	ذهن، دریافت، و یادگیری	احتمال، محتمل
ἄδικος ἄδικον	489	صفت (صرف اول و دوم)	اخلاق و ارزش‌ها	ناعادلانه
εἴκοσι(ν)	490	صفت (شمارشی)	سنجش و شمارش	بیست
μυρίος μυρία μυρίον	491	صفت (صرف اول و دوم)	سنجش و شمارش	بی‌اندازه، بی‌شمار، ده‌هزار
αὐτίκα	492	قید	زمان	اکنون
δέκατος –η –ον	493	صفت (شمارشی)	سنجش و شمارش	دهم
βαίνω, βήσομαι, 2 aor. ἔβην, βέβηκα	494	فعل (مختوم به صامت روان)	حرکت	قدم‌ برداشتن، رفتن، آمدن
περ	495	قید	ادات	ادات تاکید متصل
ἐλεύθερος ἐλευθέρα ἐλεύθερον	496	صفت (صرف اول و دوم)	جامعه و حکومت	آزاد، رها
στρατιά –ᾶς, ἡ	497	اسم (صرف اول)	جنگ و صلح	لشکر، پیاده‌نظام
ἀμφί	498	حرف اضافه	جهت	اطراف، پیرامون، برای
συμφορά –ᾶς, ἡ	499	اسم (صرف اول)	مرگ و زندگی	پیش‌آمد، رویداد، بداقبالی
ἑκατόν	500	صفت (شمارشی)	سنجش و شمارش	صد
νίκη νίκης, ἡ	501	اسم (صرف اول)	جنگ و صلح	پیروزی، چیرگی
ἔπος ἔπους, τό	502	اسم (صرف سوم مختوم به σ)	گفتن و نوشتن	واژه، حکایت، نظم (کلام موزون)
στρατός –οῦ, ὁ	503	اسم (صرف دوم)	جنگ و صلح	لشکر
φράζω, φράσω, ἔφρασα, πέφρακα, πέφρασμαι, ἐφράσθην	504	فعل (مختوم به صامت دندانی)	گفتن و نوشتن	نمایاندن، آشکار ساختن. در حالت میانی و مجهول: تامل کردن
ἀργύριον ἀργυρίου, τό	505	اسم (صرف دوم)	جامعه و حکومت	پول، سکه
τριάκοντα	506	صفت (شمارشی)	سنجش و شمارش	سی
ἕξ	507	صفت (شمارشی)	سنجش و شمارش	شش
πεμπτός –ή –όν	508	صفت (شمارشی)	سنجش و شمارش	پنجم
μάρτυς μάρτυρος, ὁ/ἡ	509	اسم (صرف سوم مختوم به صامت)	عدل و داد	شاهد
χαλκοῦς –ῆ –οῦν	510	صفت (صرف اول و دوم)	زمین	مسی، برنزی
ἕβδομος –η –ον	511	صفت (شمارشی)	سنجش و شمارش	هفتم
ποῦ	512	ضمیر	ضمیر/ادات پرسش	کجا؟؛ (به ندرت) چگونه؟
ναί	513	قید	ادات	همانا
φῶς φωτός, τό	514	اسم (صرف سوم مختوم به صامت)	نظم جهانی	نور
ὀκτώ	515	صفت (شمارشی)	سنجش و شمارش	هشت
ἕκτος –η –ον	516	صفت (شمارشی)	سنجش و شمارش	ششم
τριακοστός –ή –όν	517	صفت (شمارشی)	سنجش و شمارش	سی‌ام
ἐννέα	518	صفت (شمارشی)	سنجش و شمارش	نه
πότε	519	قید	زمان	کِی؟، زمانی که...
ὄγδοος –η –ον	520	صفت (شمارشی)	سنجش و شمارش	هشتم
ἔνατος –α –ον	521	صفت (شمارشی)	سنجش و شمارش	نهم
εἰκοστός –ή –όν	522	صفت (شمارشی)	سنجش و شمارش	بیستم
ἀγγέλλω, ἀγγελῶ, ἤγγειλα, ἤγγελκα, ἤγγελμαι, ἠγγέλθην	523	فعل (مختوم به صامت روان)	گفتن و نوشتن	پیام آوردن
ἑκατοστός –ή –όν	524	صفت (شمارشی)	سنجش و شمارش	صدم
